Country Name;Country Code;Indicator Name;Indicator Code;1960;1961;1962;1963;1964;1965;1966;1967;1968;1969;1970;1971;1972;1973;1974;1975;1976;1977;1978;1979;1980;1981;1982;1983;1984;1985;1986;1987;1988;1989;1990;1991;1992;1993;1994;1995;1996;1997;1998;1999;2000;2001;2002;2003;2004;2005;2006;2007;2008;2009;2010;2011;2012;2013;2014;2015;2016;2017;2018;2019
Aruba;ABW;Prevalence of undernourishment (% of population);SN.ITK.DEFC.ZS;;;;;;;;;;;;;;;;;;;;;;;;;;;;;;;;;;;;;;;;;;;;;;;;;;;;;;;;;;;;
Afghanistan;AFG;Prevalence of undernourishment (% of population);SN.ITK.DEFC.ZS;;;;;;;;;;;;;;;;;;;;;;;;;;;;;;;;;;;;;;;;;46.1;46.4;43.7;39.8;36.1;33.2;30.1;27;24.5;22.9;22.1;22.2;23.2;25;26.9;28.6;29.5;29.8;;
Angola;AGO;Prevalence of undernourishment (% of population);SN.ITK.DEFC.ZS;;;;;;;;;;;;;;;;;;;;;;;;;;;;;;;;;;;;;;;;;71.5;68.9;65.3;61.3;57.8;54.8;51.8;48.6;45.4;42.5;40.4;38.2;35.1;31.2;28.1;26.4;25.6;25;;
Albania;ALB;Prevalence of undernourishment (% of population);SN.ITK.DEFC.ZS;;;;;;;;;;;;;;;;;;;;;;;;;;;;;;;;;;;;;;;;;7.2;7.8;8.7;9.7;10.6;10.9;10.8;10.3;9.5;8.4;7.4;6.6;6;5.8;5.9;6;6.1;6.2;;
Andorra;AND;Prevalence of undernourishment (% of population);SN.ITK.DEFC.ZS;;;;;;;;;;;;;;;;;;;;;;;;;;;;;;;;;;;;;;;;;;;;;;;;;;;;;;;;;;;;
Arab World;ARB;Prevalence of undernourishment (% of population);SN.ITK.DEFC.ZS;;;;;;;;;;;;;;;;;;;;;;;;;;;;;;;;;;;;;;;;;110.334.433.182.165;108.017.691.283.482;107.854.114.524.535;108.503.791.705.056;108.992.841.328.432;108.690.044.052.096;107.033.536.778.183;104.919.511.466.135;102.788.117.383.017;993.630.016.217.011;959.659.977.342.727;933.041.318.444.482;108.094.415.522.601;108.322.692.610.602;109.420.988.526.361;11.193.917.185.692;115.473.831.666.507;11.854.452.639.702;;
United Arab Emirates;ARE;Prevalence of undernourishment (% of population);SN.ITK.DEFC.ZS;;;;;;;;;;;;;;;;;;;;;;;;;;;;;;;;;;;;;;;;;2.5;2.5;2.5;2.6;3.2;4.1;4.9;5.6;6;6;5.9;5.6;5;4.4;3.7;3.1;2.8;2.6;;
Argentina;ARG;Prevalence of undernourishment (% of population);SN.ITK.DEFC.ZS;;;;;;;;;;;;;;;;;;;;;;;;;;;;;;;;;;;;;;;;;3.5;4.1;4.9;5.3;5.2;4.7;4.4;4.2;4.1;4.1;4;3.9;3.7;3.5;3.4;3.6;4.1;4.6;;
Armenia;ARM;Prevalence of undernourishment (% of population);SN.ITK.DEFC.ZS;;;;;;;;;;;;;;;;;;;;;;;;;;;;;;;;;;;;;;;;;23.8;23.5;20.7;15.6;10.9;7.8;6.1;5.4;5;5.3;5.5;5.6;5;4.4;3.9;3.8;4;4.3;;
American Samoa;ASM;Prevalence of undernourishment (% of population);SN.ITK.DEFC.ZS;;;;;;;;;;;;;;;;;;;;;;;;;;;;;;;;;;;;;;;;;;;;;;;;;;;;;;;;;;;;
Antigua and Barbuda;ATG;Prevalence of undernourishment (% of population);SN.ITK.DEFC.ZS;;;;;;;;;;;;;;;;;;;;;;;;;;;;;;;;;;;;;;;;;;;;;;;;;;;;;;;;;;;;
Australia;AUS;Prevalence of undernourishment (% of population);SN.ITK.DEFC.ZS;;;;;;;;;;;;;;;;;;;;;;;;;;;;;;;;;;;;;;;;;2.5;2.5;2.5;2.5;2.5;2.5;2.5;2.5;2.5;2.5;2.5;2.5;2.5;2.5;2.5;2.5;2.5;2.5;;
Austria;AUT;Prevalence of undernourishment (% of population);SN.ITK.DEFC.ZS;;;;;;;;;;;;;;;;;;;;;;;;;;;;;;;;;;;;;;;;;2.5;2.5;2.5;2.5;2.5;2.5;2.5;2.5;2.5;2.5;2.5;2.5;2.5;2.5;2.5;2.5;2.5;2.5;;
Azerbaijan;AZE;Prevalence of undernourishment (% of population);SN.ITK.DEFC.ZS;;;;;;;;;;;;;;;;;;;;;;;;;;;;;;;;;;;;;;;;;23;18.6;14.8;11.4;8.2;5.5;3.7;2.8;2.5;2.5;2.5;2.5;2.5;2.5;2.5;2.5;2.5;2.5;;
Burundi;BDI;Prevalence of undernourishment (% of population);SN.ITK.DEFC.ZS;;;;;;;;;;;;;;;;;;;;;;;;;;;;;;;;;;;;;;;;;;;;;;;;;;;;;;;;;;;;
Belgium;BEL;Prevalence of undernourishment (% of population);SN.ITK.DEFC.ZS;;;;;;;;;;;;;;;;;;;;;;;;;;;;;;;;;;;;;;;;;2.5;2.5;2.5;2.5;2.5;2.5;2.5;2.5;2.5;2.5;2.5;2.5;2.5;2.5;2.5;2.5;2.5;2.5;;
Benin;BEN;Prevalence of undernourishment (% of population);SN.ITK.DEFC.ZS;;;;;;;;;;;;;;;;;;;;;;;;;;;;;;;;;;;;;;;;;22.7;20.6;18.6;17.4;16.3;15.4;14.3;13.3;12.7;12.1;11.8;11.3;10.8;10.2;9.5;9.9;10.1;10.1;;
Burkina Faso;BFA;Prevalence of undernourishment (% of population);SN.ITK.DEFC.ZS;;;;;;;;;;;;;;;;;;;;;;;;;;;;;;;;;;;;;;;;;25.4;25.6;25.8;25.6;25.3;24.9;24.2;23.6;22.7;21.9;21.2;20.7;20.3;20.1;20;20;20;20;;
Bangladesh;BGD;Prevalence of undernourishment (% of population);SN.ITK.DEFC.ZS;;;;;;;;;;;;;;;;;;;;;;;;;;;;;;;;;;;;;;;;;20.8;18.7;18.2;17.5;17.1;16.6;16.3;16.3;16.4;16.6;16.9;16.9;16.9;16.6;16.2;15.7;15.2;14.7;;
Bulgaria;BGR;Prevalence of undernourishment (% of population);SN.ITK.DEFC.ZS;;;;;;;;;;;;;;;;;;;;;;;;;;;;;;;;;;;;;;;;;4.8;5.2;5.6;6;6.3;6.5;6.3;6.1;5.8;5.7;5.6;5.5;5.4;5;4.6;4.1;3.8;3.6;;
Bahrain;BHR;Prevalence of undernourishment (% of population);SN.ITK.DEFC.ZS;;;;;;;;;;;;;;;;;;;;;;;;;;;;;;;;;;;;;;;;;;;;;;;;;;;;;;;;;;;;
Bahamas;BHS;Prevalence of undernourishment (% of population);SN.ITK.DEFC.ZS;;;;;;;;;;;;;;;;;;;;;;;;;;;;;;;;;;;;;;;;;;;;;;;;;;;;;;;;;;;;
Bosnia and Herzegovina;BIH;Prevalence of undernourishment (% of population);SN.ITK.DEFC.ZS;;;;;;;;;;;;;;;;;;;;;;;;;;;;;;;;;;;;;;;;;4.4;4.7;4.5;4.1;3.5;3.2;2.9;2.8;2.6;2.5;2.5;2.5;2.5;2.5;2.5;2.5;2.5;2.5;;
Belarus;BLR;Prevalence of undernourishment (% of population);SN.ITK.DEFC.ZS;;;;;;;;;;;;;;;;;;;;;;;;;;;;;;;;;;;;;;;;;2.5;2.6;3.2;3.7;3.6;3;2.5;2.5;2.5;2.5;2.5;2.5;2.5;2.5;2.5;2.5;2.5;2.5;;
Belize;BLZ;Prevalence of undernourishment (% of population);SN.ITK.DEFC.ZS;;;;;;;;;;;;;;;;;;;;;;;;;;;;;;;;;;;;;;;;;5.8;5;4.7;4.5;4.6;4.6;4.9;5.3;5.5;5.6;5.6;5.8;6.4;7.1;7.7;8.1;8;7.5;;
Bermuda;BMU;Prevalence of undernourishment (% of population);SN.ITK.DEFC.ZS;;;;;;;;;;;;;;;;;;;;;;;;;;;;;;;;;;;;;;;;;;;;;;;;;;;;;;;;;;;;
Bolivia;BOL;Prevalence of undernourishment (% of population);SN.ITK.DEFC.ZS;;;;;;;;;;;;;;;;;;;;;;;;;;;;;;;;;;;;;;;;;33.4;31.6;31.2;31.4;31.4;30.3;28.7;28;28.1;28;26.5;24.5;22.7;21.1;19.4;18;17.3;17.1;;
Brazil;BRA;Prevalence of undernourishment (% of population);SN.ITK.DEFC.ZS;;;;;;;;;;;;;;;;;;;;;;;;;;;;;;;;;;;;;;;;;11.9;10.6;8.7;6.9;5.6;4.6;3.9;3.2;2.7;2.5;2.5;2.5;2.5;2.5;2.5;2.5;2.5;2.5;;
Barbados;BRB;Prevalence of undernourishment (% of population);SN.ITK.DEFC.ZS;;;;;;;;;;;;;;;;;;;;;;;;;;;;;;;;;;;;;;;;;5.4;5.8;6.3;6.3;6.3;5.9;5.6;5.3;5.1;5;5;4.9;4.7;4.3;3.9;3.7;3.8;3.9;;
Brunei Darussalam;BRN;Prevalence of undernourishment (% of population);SN.ITK.DEFC.ZS;;;;;;;;;;;;;;;;;;;;;;;;;;;;;;;;;;;;;;;;;3.1;2.8;2.5;2.5;2.5;2.5;2.5;2.7;3;3.1;3.1;2.9;2.8;2.7;2.8;3;3.1;3.2;;
Bhutan;BTN;Prevalence of undernourishment (% of population);SN.ITK.DEFC.ZS;;;;;;;;;;;;;;;;;;;;;;;;;;;;;;;;;;;;;;;;;;;;;;;;;;;;;;;;;;;;
Botswana;BWA;Prevalence of undernourishment (% of population);SN.ITK.DEFC.ZS;;;;;;;;;;;;;;;;;;;;;;;;;;;;;;;;;;;;;;;;;35.7;35;34.7;33.5;32.4;31.9;32.2;32.4;31.8;30.5;28.5;26.5;25.1;24.9;25.3;26.1;26.4;26.4;;
Central African Republic;CAF;Prevalence of undernourishment (% of population);SN.ITK.DEFC.ZS;;;;;;;;;;;;;;;;;;;;;;;;;;;;;;;;;;;;;;;;;42.5;42;41.5;41.4;40.8;39.5;37.6;35.6;33.7;32.4;32;33.4;37.5;44.6;52.2;57.8;59.8;59.6;;
Canada;CAN;Prevalence of undernourishment (% of population);SN.ITK.DEFC.ZS;;;;;;;;;;;;;;;;;;;;;;;;;;;;;;;;;;;;;;;;;2.5;2.5;2.5;2.5;2.5;2.5;2.5;2.5;2.5;2.5;2.5;2.5;2.5;2.5;2.5;2.5;2.5;2.5;;
Central Europe and the Baltics;CEB;Prevalence of undernourishment (% of population);SN.ITK.DEFC.ZS;;;;;;;;;;;;;;;;;;;;;;;;;;;;;;;;;;;;;;;;;326.877.912.183.835;31.944.725.109.291;313.345.925.328.491;307.678.973.098.097;303.772.476.501.743;301.434.804.301.103;297.122.890.121.108;29.400.831.142.917;288.786.308.241.729;284.679.616.576.165;281.376.767.648.125;28.011.877.911.462;278.305.136.662.015;275.060.324.802.139;271.702.613.388.268;268.062.591.655.227;265.307.998.372.492;262.853.783.570.629;;
Switzerland;CHE;Prevalence of undernourishment (% of population);SN.ITK.DEFC.ZS;;;;;;;;;;;;;;;;;;;;;;;;;;;;;;;;;;;;;;;;;2.5;2.5;2.5;2.5;2.5;2.5;2.5;2.5;2.5;2.5;2.5;2.5;2.5;2.5;2.5;2.5;2.5;2.5;;
Channel Islands;CHI;Prevalence of undernourishment (% of population);SN.ITK.DEFC.ZS;;;;;;;;;;;;;;;;;;;;;;;;;;;;;;;;;;;;;;;;;;;;;;;;;;;;;;;;;;;;
Chile;CHL;Prevalence of undernourishment (% of population);SN.ITK.DEFC.ZS;;;;;;;;;;;;;;;;;;;;;;;;;;;;;;;;;;;;;;;;;4.7;4.4;4.1;4.1;4;3.9;3.8;3.9;4.1;4.2;4.2;4;3.8;3.7;3.5;3.2;2.9;2.7;;
China;CHN;Prevalence of undernourishment (% of population);SN.ITK.DEFC.ZS;;;;;;;;;;;;;;;;;;;;;;;;;;;;;;;;;;;;;;;;;16.2;16.1;16;15.9;15.8;15.5;15;14.4;13.6;12.7;12;11.2;10.6;9.9;9.3;8.9;8.7;8.6;;
Cote d'Ivoire;CIV;Prevalence of undernourishment (% of population);SN.ITK.DEFC.ZS;;;;;;;;;;;;;;;;;;;;;;;;;;;;;;;;;;;;;;;;;20.4;21.5;21.7;21.3;20.5;20;20;20.5;21.3;21.8;21.9;21.6;21.5;21.4;21;20.4;19.6;19;;
Cameroon;CMR;Prevalence of undernourishment (% of population);SN.ITK.DEFC.ZS;;;;;;;;;;;;;;;;;;;;;;;;;;;;;;;;;;;;;;;;;30.8;28.5;26.5;24.4;22.4;20.3;18.2;16.2;14.4;12.9;11.5;10.1;8.9;8;7.3;7.7;8.7;9.9;;
 Dem. Rep. Congo;COD;Prevalence of undernourishment (% of population);SN.ITK.DEFC.ZS;;;;;;;;;;;;;;;;;;;;;;;;;;;;;;;;;;;;;;;;;;;;;;;;;;;;;;;;;;;;
Rep. Congo;COG;Prevalence of undernourishment (% of population);SN.ITK.DEFC.ZS;;;;;;;;;;;;;;;;;;;;;;;;;;;;;;;;;;;;;;;;;;36.8;34;32.8;34.2;36.7;40.2;41.6;42.2;41.8;41.3;40.5;39.5;39.2;38.7;38.2;37.7;38.5;40.3;
Colombia;COL;Prevalence of undernourishment (% of population);SN.ITK.DEFC.ZS;;;;;;;;;;;;;;;;;;;;;;;;;;;;;;;;;;;;;;;;;9.7;9.4;9.2;9.2;9.3;9.7;9.6;9.3;9.5;10.4;11.1;10.8;9.9;8.6;7.5;6.5;5.6;4.8;;
Comoros;COM;Prevalence of undernourishment (% of population);SN.ITK.DEFC.ZS;;;;;;;;;;;;;;;;;;;;;;;;;;;;;;;;;;;;;;;;;;;;;;;;;;;;;;;;;;;;
Cabo Verde;CPV;Prevalence of undernourishment (% of population);SN.ITK.DEFC.ZS;;;;;;;;;;;;;;;;;;;;;;;;;;;;;;;;;;;;;;;;;17.9;17.9;17.5;16.3;14.9;14;13.9;14;14.5;14.9;15.3;15.1;14.7;14.2;13.6;13;12.7;12.6;;
Costa Rica;CRI;Prevalence of undernourishment (% of population);SN.ITK.DEFC.ZS;;;;;;;;;;;;;;;;;;;;;;;;;;;;;;;;;;;;;;;;;5.1;5.3;5.7;5.9;5.8;5.4;5.1;5;5.1;5.2;5.2;5.2;5.4;5.5;5.4;5.1;4.7;4.8;;
Caribbean small states;CSS;Prevalence of undernourishment (% of population);SN.ITK.DEFC.ZS;;;;;;;;;;;;;;;;;;;;;;;;;;;;;;;;;;;;;;;;;885.773.140.600.523;838.113.904.440.122;826.748.797.417.075;836.541.938.896.091;850.536.446.683.138;851.344.720.830.071;85.497.822.340.856;861.157.383.124.423;878.452.385.538.424;885.623.329.714.127;877.603.256.752.002;857.899.259.344.705;836.059.920.508.448;816.876.782.572.669;799.439.854.067.657;778.861.137.059.218;750.785.779.373.505;725.467.676.040.191;;
Cuba;CUB;Prevalence of undernourishment (% of population);SN.ITK.DEFC.ZS;;;;;;;;;;;;;;;;;;;;;;;;;;;;;;;;;;;;;;;;;3.7;2.8;2.5;2.5;2.5;2.5;2.5;2.5;2.5;2.5;2.5;2.5;2.5;2.5;2.5;2.5;2.5;2.5;;
Curacao;CUW;Prevalence of undernourishment (% of population);SN.ITK.DEFC.ZS;;;;;;;;;;;;;;;;;;;;;;;;;;;;;;;;;;;;;;;;;;;;;;;;;;;;;;;;;;;;
Cayman Islands;CYM;Prevalence of undernourishment (% of population);SN.ITK.DEFC.ZS;;;;;;;;;;;;;;;;;;;;;;;;;;;;;;;;;;;;;;;;;;;;;;;;;;;;;;;;;;;;
Cyprus;CYP;Prevalence of undernourishment (% of population);SN.ITK.DEFC.ZS;;;;;;;;;;;;;;;;;;;;;;;;;;;;;;;;;;;;;;;;;3.5;3.9;4.4;4.9;5.4;5.7;5.6;5.1;4.7;4.4;4.3;4.3;4.8;5.4;5.9;6;5.8;5.6;;
Czech Republic;CZE;Prevalence of undernourishment (% of population);SN.ITK.DEFC.ZS;;;;;;;;;;;;;;;;;;;;;;;;;;;;;;;;;;;;;;;;;2.5;2.5;2.5;2.5;2.5;2.5;2.5;2.5;2.5;2.5;2.5;2.5;2.5;2.5;2.5;2.5;2.5;2.5;;
Germany;DEU;Prevalence of undernourishment (% of population);SN.ITK.DEFC.ZS;;;;;;;;;;;;;;;;;;;;;;;;;;;;;;;;;;;;;;;;;2.5;2.5;2.5;2.5;2.5;2.5;2.5;2.5;2.5;2.5;2.5;2.5;2.5;2.5;2.5;2.5;2.5;2.5;;
Djibouti;DJI;Prevalence of undernourishment (% of population);SN.ITK.DEFC.ZS;;;;;;;;;;;;;;;;;;;;;;;;;;;;;;;;;;;;;;;;;48.1;45.4;42.7;39.8;36.2;32.2;28.6;25.6;23.9;22.9;22.3;21.3;20.2;19.3;19;19;19;18.9;;
Dominica;DMA;Prevalence of undernourishment (% of population);SN.ITK.DEFC.ZS;;;;;;;;;;;;;;;;;;;;;;;;;;;;;;;;;;;;;;;;;4.7;4.4;4.6;5;5.5;5.7;5.6;5.1;4.9;4.9;5.2;5.6;5.9;6.2;6.3;6.5;6.4;6.2;;
Denmark;DNK;Prevalence of undernourishment (% of population);SN.ITK.DEFC.ZS;;;;;;;;;;;;;;;;;;;;;;;;;;;;;;;;;;;;;;;;;2.5;2.5;2.5;2.5;2.5;2.5;2.5;2.5;2.5;2.5;2.5;2.5;2.5;2.5;2.5;2.5;2.5;2.5;;
Dominican Republic;DOM;Prevalence of undernourishment (% of population);SN.ITK.DEFC.ZS;;;;;;;;;;;;;;;;;;;;;;;;;;;;;;;;;;;;;;;;;28.1;27.1;27.5;28.3;27;24.4;21.9;20.9;20.2;18.6;16.5;14.6;13.6;13;12.1;11;9.9;9.5;;
Algeria;DZA;Prevalence of undernourishment (% of population);SN.ITK.DEFC.ZS;;;;;;;;;;;;;;;;;;;;;;;;;;;;;;;;;;;;;;;;;10.7;10.2;9.7;9.3;9;8.8;8.4;8;7.6;7;6.3;5.6;4.9;4.5;4.2;4;3.9;3.9;;
East Asia & Pacific (excluding high income);EAP;Prevalence of undernourishment (% of population);SN.ITK.DEFC.ZS;;;;;;;;;;;;;;;;;;;;;;;;;;;;;;;;;;;;;;;;;182.044.222.070.825;179.619.608.361.138;176.349.728.445.319;173.259.881.876.614;170.376.461.905.996;166.289.512.667.767;160.691.152.373.935;154.055.665.551.598;145.614.527.693.528;135.672.760.457.473;126.742.372.664.791;117.504.974.093.143;111.214.742.067.813;105.017.832.673.575;998.726.527.972.828;962.945.177.301.756;945.653.889.222.369;935.184.750.633.842;;
Early-demographic dividend;EAR;Prevalence of undernourishment (% of population);SN.ITK.DEFC.ZS;;;;;;;;;;;;;;;;;;;;;;;;;;;;;;;;;;;;;;;;;184.896.447.878.314;18.815.674.247.602;194.090.307.567.579;197.090.334.502.076;196.748.611.832.919;190.197.279.068.847;180.101.127.458.186;170.071.031.177.697;161.950.245.648.286;156.325.511.507.787;151.691.694.764.834;148.343.062.241.896;14.532.051.989.532;142.165.431.742.326;138.747.356.995.721;134.686.050.481.437;131.870.727.021.579;129.670.924.780.007;;
East Asia & Pacific;EAS;Prevalence of undernourishment (% of population);SN.ITK.DEFC.ZS;;;;;;;;;;;;;;;;;;;;;;;;;;;;;;;;;;;;;;;;;164.733.404.392.532;162.670.934.081.398;159.854.268.480.079;157.183.941.643.262;154.696.024.579.181;151.140.180.078.208;14.622.508.297.738;140.373.650.281.903;132.890.265.565.898;12.405.004.045.598;116.105.599.214.571;107.876.908.561.062;10.226.180.338.948;967.276.281.248.408;921.374.315.918.809;889.338.405.341.683;874.057.137.839;864.992.414.582.237;;
Europe & Central Asia (excluding high income);ECA;Prevalence of undernourishment (% of population);SN.ITK.DEFC.ZS;;;;;;;;;;;;;;;;;;;;;;;;;;;;;;;;;;;;;;;;;617.329.668.892.867;58.475.455.028.818;539.639.216.219.272;489.139.299.674.496;439.481.292.758.354;404.827.468.139.823;383.010.109.269.665;365.858.406.030.448;355.058.386.049.005;34.746.488.464.987;34.106.414.366.646;332.334.059.924.336;32.437.283.863.785;317.718.640.067.119;31.351.290.571.198;317.234.037.113.605;320.157.590.113.319;323.557.250.202.219;;
Europe & Central Asia;ECS;Prevalence of undernourishment (% of population);SN.ITK.DEFC.ZS;;;;;;;;;;;;;;;;;;;;;;;;;;;;;;;;;;;;;;;;;410.590.203.571.135;395.540.397.740.316;375.486.651.512.872;353.316.588.029.992;331.912.602.971.239;317.053.345.246.259;308.319.822.133.941;300.843.800.312.944;295.899.981.020.945;292.329.123.781.621;289.401.153.367.384;285.816.110.542.916;282.474.933.753.863;279.759.456.562.494;278.036.074.815.542;279.656.452.074.751;280.844.188.861.643;282.197.790.280.596;;
Ecuador;ECU;Prevalence of undernourishment (% of population);SN.ITK.DEFC.ZS;;;;;;;;;;;;;;;;;;;;;;;;;;;;;;;;;;;;;;;;;18.5;18.8;18.9;18.6;17.7;17;16.2;15.6;14.4;12.8;10.7;9.1;8.3;8.1;8.1;8;7.9;7.9;;
Egypt;EGY;Prevalence of undernourishment (% of population);SN.ITK.DEFC.ZS;;;;;;;;;;;;;;;;;;;;;;;;;;;;;;;;;;;;;;;;;;5.2;5.1;5.2;5.3;5.5;5.4;5.1;4.8;4.6;4.5;4.5;4.5;4.4;4.4;4.4;4.4;4.4;4.5;
Euro area;EMU;Prevalence of undernourishment (% of population);SN.ITK.DEFC.ZS;;;;;;;;;;;;;;;;;;;;;;;;;;;;;;;;;;;;;;;;;25.940.669.667.705;259.827.545.600.254;259.600.762.064.463;25.874.360.247.071;258.080.599.908.744;25.773.301.036.898;257.312.956.044.257;256.606.993.551.221;255.498.573.456.309;254.356.066.385.678;253.522.346.394.317;253.257.889.580.426;253.225.425.510.748;253.304.284.221.902;253.311.706.320.949;25.330.783.404.133;253.043.279.356.001;252.661.265.879.431;;
Eritrea;ERI;Prevalence of undernourishment (% of population);SN.ITK.DEFC.ZS;;;;;;;;;;;;;;;;;;;;;;;;;;;;;;;;;;;;;;;;;;;;;;;;;;;;;;;;;;;;
Spain;ESP;Prevalence of undernourishment (% of population);SN.ITK.DEFC.ZS;;;;;;;;;;;;;;;;;;;;;;;;;;;;;;;;;;;;;;;;;2.5;2.5;2.5;2.5;2.5;2.5;2.5;2.5;2.5;2.5;2.5;2.5;2.5;2.5;2.5;2.5;2.5;2.5;;
Estonia;EST;Prevalence of undernourishment (% of population);SN.ITK.DEFC.ZS;;;;;;;;;;;;;;;;;;;;;;;;;;;;;;;;;;;;;;;;;5.6;5.5;5.5;5.2;4.8;4.2;3.7;3.2;2.8;2.6;2.6;2.7;3;3.1;3.1;3;2.9;2.9;;
Ethiopia;ETH;Prevalence of undernourishment (% of population);SN.ITK.DEFC.ZS;;;;;;;;;;;;;;;;;;;;;;;;;;;;;;;;;;;;;;;;;52;49;46.7;44.2;42;39.7;38.5;37.2;35.6;33.7;32.1;30.7;28.9;26.7;24.5;22.7;21.4;20.6;;
European Union;EUU;Prevalence of undernourishment (% of population);SN.ITK.DEFC.ZS;;;;;;;;;;;;;;;;;;;;;;;;;;;;;;;;;;;;;;;;;269.638.968.423.405;267.704.605.593.244;266.155.440.386.706;264.773.802.267.266;263.848.342.898.791;26.327.671.358.576;262.147.450.502.691;261.207.435.108.209;259.799.517.716.641;258.716.082.816.344;257.874.116.475.961;257.578.191.029.948;257.256.441.955.609;256.623.780.830.294;255.946.918.943.299;255.109.620.220.762;254.405.952.906.519;253.779.787.053.843;;
Fragile and conflict affected situations;FCS;Prevalence of undernourishment (% of population);SN.ITK.DEFC.ZS;;;;;;;;;;;;;;;;;;;;;;;;;;;;;;;;;;;;;;;;;262.375.013.556.617;25.383.707.560.653;245.972.560.179.956;234.898.820.122.483;2.229.397.903.517;210.594.376.152.375;199.153.064.365.221;188.099.373.542.007;177.589.507.692.873;169.181.368.025.618;162.527.889.239.954;159.489.986.254.154;165.589.917.165.418;169.901.902.383.792;175.933.370.063.615;184.691.637.296.665;196.817.542.671.112;207.422.964.975.662;;
Finland;FIN;Prevalence of undernourishment (% of population);SN.ITK.DEFC.ZS;;;;;;;;;;;;;;;;;;;;;;;;;;;;;;;;;;;;;;;;;2.5;2.5;2.5;2.5;2.5;2.5;2.5;2.5;2.5;2.5;2.5;2.5;2.5;2.5;2.5;2.5;2.5;2.5;;
Fiji;FJI;Prevalence of undernourishment (% of population);SN.ITK.DEFC.ZS;;;;;;;;;;;;;;;;;;;;;;;;;;;;;;;;;;;;;;;;;4.8;4.7;4.6;4.5;4.4;4.3;4.2;4.3;4.3;4.5;4.5;4.5;4.4;4.2;4;3.8;3.7;3.7;;
France;FRA;Prevalence of undernourishment (% of population);SN.ITK.DEFC.ZS;;;;;;;;;;;;;;;;;;;;;;;;;;;;;;;;;;;;;;;;;2.5;2.5;2.5;2.5;2.5;2.5;2.5;2.5;2.5;2.5;2.5;2.5;2.5;2.5;2.5;2.5;2.5;2.5;;
Faroe Islands;FRO;Prevalence of undernourishment (% of population);SN.ITK.DEFC.ZS;;;;;;;;;;;;;;;;;;;;;;;;;;;;;;;;;;;;;;;;;;;;;;;;;;;;;;;;;;;;
Micronesia;FSM;Prevalence of undernourishment (% of population);SN.ITK.DEFC.ZS;;;;;;;;;;;;;;;;;;;;;;;;;;;;;;;;;;;;;;;;;;;;;;;;;;;;;;;;;;;;
Gabon;GAB;Prevalence of undernourishment (% of population);SN.ITK.DEFC.ZS;;;;;;;;;;;;;;;;;;;;;;;;;;;;;;;;;;;;;;;;;10.5;10.8;11.3;11.4;11.2;10.9;11;11.2;11.5;11.3;10.8;10;9.4;8.7;8.5;8.9;9.8;10.5;;
United Kingdom;GBR;Prevalence of undernourishment (% of population);SN.ITK.DEFC.ZS;;;;;;;;;;;;;;;;;;;;;;;;;;;;;;;;;;;;;;;;;2.5;2.5;2.5;2.5;2.5;2.5;2.5;2.5;2.5;2.5;2.5;2.5;2.5;2.5;2.5;2.5;2.5;2.5;;
Georgia;GEO;Prevalence of undernourishment (% of population);SN.ITK.DEFC.ZS;;;;;;;;;;;;;;;;;;;;;;;;;;;;;;;;;;;;;;;;;13.5;13.6;11.4;9.2;7.9;7.2;7;6.8;6.7;7;7.7;8.1;8.1;7.7;7.5;7.6;7.8;7.9;;
Ghana;GHA;Prevalence of undernourishment (% of population);SN.ITK.DEFC.ZS;;;;;;;;;;;;;;;;;;;;;;;;;;;;;;;;;;;;;;;;;15.6;13.6;12;11;10.1;9.3;8.3;7.3;6.3;5.6;5.3;5.5;5.9;6.2;6.3;6.2;5.9;5.5;;
Gibraltar;GIB;Prevalence of undernourishment (% of population);SN.ITK.DEFC.ZS;;;;;;;;;;;;;;;;;;;;;;;;;;;;;;;;;;;;;;;;;;;;;;;;;;;;;;;;;;;;
Guinea;GIN;Prevalence of undernourishment (% of population);SN.ITK.DEFC.ZS;;;;;;;;;;;;;;;;;;;;;;;;;;;;;;;;;;;;;;;;;26.3;25.5;24.7;23.8;22.5;21.3;20.2;19.3;18.5;18;17.6;17.2;16.5;15.7;14.9;14.8;15.5;16.5;;
Gambia;GMB;Prevalence of undernourishment (% of population);SN.ITK.DEFC.ZS;;;;;;;;;;;;;;;;;;;;;;;;;;;;;;;;;;;;;;;;;;13.1;12.9;13.8;14.6;15.1;15.1;14.5;12.9;11.3;10;9.3;9.1;9.4;9.8;10.1;10.2;10.2;10.2;
Guinea-Bissau;GNB;Prevalence of undernourishment (% of population);SN.ITK.DEFC.ZS;;;;;;;;;;;;;;;;;;;;;;;;;;;;;;;;;;;;;;;;;25.7;24.4;24.2;24.5;24.6;24.4;24.1;23.7;23.3;22.8;22.2;22.2;22.6;23.9;25.3;26.6;27.4;28;;
Equatorial Guinea;GNQ;Prevalence of undernourishment (% of population);SN.ITK.DEFC.ZS;;;;;;;;;;;;;;;;;;;;;;;;;;;;;;;;;;;;;;;;;;;;;;;;;;;;;;;;;;;;
Greece;GRC;Prevalence of undernourishment (% of population);SN.ITK.DEFC.ZS;;;;;;;;;;;;;;;;;;;;;;;;;;;;;;;;;;;;;;;;;2.5;2.5;2.5;2.5;2.5;2.5;2.5;2.5;2.5;2.5;2.5;2.5;2.5;2.5;2.5;2.5;2.5;2.5;;
Grenada;GRD;Prevalence of undernourishment (% of population);SN.ITK.DEFC.ZS;;;;;;;;;;;;;;;;;;;;;;;;;;;;;;;;;;;;;;;;;;;;;;;;;;;;;;;;;;;;
Greenland;GRL;Prevalence of undernourishment (% of population);SN.ITK.DEFC.ZS;;;;;;;;;;;;;;;;;;;;;;;;;;;;;;;;;;;;;;;;;;;;;;;;;;;;;;;;;;;;
Guatemala;GTM;Prevalence of undernourishment (% of population);SN.ITK.DEFC.ZS;;;;;;;;;;;;;;;;;;;;;;;;;;;;;;;;;;;;;;;;;20.5;18.1;16.4;15.8;15.8;15.8;15.8;15.7;15.9;15.7;15.8;15.8;16.3;16.3;16;15.3;15;15.2;;
Guam;GUM;Prevalence of undernourishment (% of population);SN.ITK.DEFC.ZS;;;;;;;;;;;;;;;;;;;;;;;;;;;;;;;;;;;;;;;;;;;;;;;;;;;;;;;;;;;;
Guyana;GUY;Prevalence of undernourishment (% of population);SN.ITK.DEFC.ZS;;;;;;;;;;;;;;;;;;;;;;;;;;;;;;;;;;;;;;;;;8.3;7.9;8.1;8.5;9;9.4;10;10.6;11.2;11.4;11.2;10.5;9.6;8.8;8.4;8.2;8.1;8.1;;
High income;HIC;Prevalence of undernourishment (% of population);SN.ITK.DEFC.ZS;;;;;;;;;;;;;;;;;;;;;;;;;;;;;;;;;;;;;;;;;280.366.840.294.734;279.713.539.098.687;279.925.890.247.599;280.783.849.491.635;281.497.653.183.356;281.418.887.932.029;280.805.676.833.253;280.472.876.804.965;280.354.007.254.049;279.419.551.440.937;277.309.680.614.067;274.742.608.675.679;2.713.822.942.076;269.395.882.580.947;26.805.051.972.096;267.744.831.596.396;268.883.507.813.156;271.383.758.100.647;;
Hong Kong SAR;HKG;Prevalence of undernourishment (% of population);SN.ITK.DEFC.ZS;;;;;;;;;;;;;;;;;;;;;;;;;;;;;;;;;;;;;;;;;;2.5;2.5;2.5;2.5;2.5;2.5;2.5;2.5;2.5;2.5;2.5;2.5;2.5;2.5;2.5;2.5;2.5;2.5;
Honduras;HND;Prevalence of undernourishment (% of population);SN.ITK.DEFC.ZS;;;;;;;;;;;;;;;;;;;;;;;;;;;;;;;;;;;;;;;;;19.6;18.5;17.8;17.5;17.3;17;16.3;15.7;15.3;15.2;15.2;15.2;15.1;14.8;14.5;13.9;13.3;12.9;;
Heavily indebted poor countries (HIPC);HPC;Prevalence of undernourishment (% of population);SN.ITK.DEFC.ZS;;;;;;;;;;;;;;;;;;;;;;;;;;;;;;;;;;;;;;;;;35.414.603.693.948;344.427.246.733.978;334.760.223.370.478;323.797.244.596.916;312.116.855.532.786;300.470.590.805.464;290.677.416.956.364;282.007.632.930.623;273.726.194.828.604;26.536.182.157.688;257.825.072.183.813;251.596.143.129.929;246.091.382.764.959;242.424.574.939.694;239.432.997.306.841;239.711.841.182.679;241.137.389.594.826;243.262.345.599.655;;
Croatia;HRV;Prevalence of undernourishment (% of population);SN.ITK.DEFC.ZS;;;;;;;;;;;;;;;;;;;;;;;;;;;;;;;;;;;;;;;;;10.4;7.8;5.8;4.4;3.5;2.9;2.5;2.5;2.5;2.5;2.5;2.6;2.5;2.5;2.5;2.5;2.5;2.5;;
Haiti;HTI;Prevalence of undernourishment (% of population);SN.ITK.DEFC.ZS;;;;;;;;;;;;;;;;;;;;;;;;;;;;;;;;;;;;;;;;;54.9;56;56.9;57.6;57.6;57.1;55.9;54.5;52.5;50.8;49.5;49.5;49.6;49.6;49.3;48.9;49;49.3;;
Hungary;HUN;Prevalence of undernourishment (% of population);SN.ITK.DEFC.ZS;;;;;;;;;;;;;;;;;;;;;;;;;;;;;;;;;;;;;;;;;2.5;2.5;2.5;2.5;2.5;2.5;2.5;2.5;2.5;2.5;2.5;2.5;2.5;2.5;2.5;2.5;2.5;2.5;;
IBRD only;IBD;Prevalence of undernourishment (% of population);SN.ITK.DEFC.ZS;;;;;;;;;;;;;;;;;;;;;;;;;;;;;;;;;;;;;;;;;150.100.391.893.814;151.498.211.964.538;153.820.724.019.084;15.513.418.683.877;154.918.868.428.546;150.870.245.791.187;143.528.923.242.059;135.895.773.996.066;128.742.838.198.925;122.950.971.471.361;118.232.692.495.929;113.929.339.934.086;110.323.296.175.052;106.215.188.217.279;102.194.248.723.279;985.739.525.743.775;963.238.120.441.606;948.471.455.536.397;;
IDA & IBRD total;IBT;Prevalence of undernourishment (% of population);SN.ITK.DEFC.ZS;;;;;;;;;;;;;;;;;;;;;;;;;;;;;;;;;;;;;;;;;17.446.242.130.342;174.604.057.970.397;175.788.165.005.878;1.752.400.120.775;173.062.433.571.744;167.573.699.398.049;159.961.138.753.948;152.542.489.764.546;1.457.973.787.855;140.245.356.934.385;135.780.209.230.305;131.828.240.910.601;129.436.058.646.218;126.283.377.822.702;12.340.482.963.433;121.292.071.120.741;120.675.782.991.361;120.620.163.715.231;;
IDA total;IDA;Prevalence of undernourishment (% of population);SN.ITK.DEFC.ZS;;;;;;;;;;;;;;;;;;;;;;;;;;;;;;;;;;;;;;;;;276.460.891.392.587;270.136.954.284.644;265.478.055.194.363;256.308.471.026.152;245.313.703.945.538;233.274.212.345.845;223.924.498.289.421;21.654.186.046.345;210.557.145.380.638;205.107.500.038.508;200.749.388.878.007;19.725.130.078.273;196.475.297.839.222;195.782.404.542.768;195.918.692.273.853;197.951.789.781.568;201.776.228.041.801;205.324.427.800.381;;
IDA blend;IDB;Prevalence of undernourishment (% of population);SN.ITK.DEFC.ZS;;;;;;;;;;;;;;;;;;;;;;;;;;;;;;;;;;;;;;;;;197.360.638.825.938;202.806.387.829.617;20.770.597.045.705;202.501.458.915.027;191.737.156.073.383;1.786.531.157.127;169.611.068.402.321;164.027.872.134.423;160.840.392.418.441;158.235.976.014.529;156.019.677.148.134;154.628.009.389.999;154.723.891.475.653;157.134.689.822.105;160.524.517.643.973;16.597.261.512.319;175.000.622.007.278;183.289.415.239.111;;
Indonesia;IDN;Prevalence of undernourishment (% of population);SN.ITK.DEFC.ZS;;;;;;;;;;;;;;;;;;;;;;;;;;;;;;;;;;;;;;;;;18.5;19.1;19.3;19.3;19.4;19.4;19.3;18.8;17.8;15.8;13.3;10.9;9.6;9;8.8;8.7;8.6;8.3;;
IDA only;IDX;Prevalence of undernourishment (% of population);SN.ITK.DEFC.ZS;;;;;;;;;;;;;;;;;;;;;;;;;;;;;;;;;;;;;;;;;323.598.694.578.961;310.249.587.368.853;299.878.735.709.428;288.333.077.122.939;277.199.986.859.449;265.803.125.233.995;256.315.437.879.405;247.925.064.981.039;240.342.928.823.116;23.325.879.997.389;227.693.773.741.905;222.992.576.640.143;220.605.102.517.176;218.145.691.924.947;216.421.638.716.894;216.494.086.035.031;217.313.323.015.156;218.117.950.205.552;;
Isle of Man;IMN;Prevalence of undernourishment (% of population);SN.ITK.DEFC.ZS;;;;;;;;;;;;;;;;;;;;;;;;;;;;;;;;;;;;;;;;;;;;;;;;;;;;;;;;;;;;
India;IND;Prevalence of undernourishment (% of population);SN.ITK.DEFC.ZS;;;;;;;;;;;;;;;;;;;;;;;;;;;;;;;;;;;;;;;;;18.2;19.4;21;22.2;22.8;22.2;20.7;19.2;18.1;17.7;17.5;17.5;17.3;16.9;16.3;15.5;14.9;14.5;;
Not classified;INX;Prevalence of undernourishment (% of population);SN.ITK.DEFC.ZS;;;;;;;;;;;;;;;;;;;;;;;;;;;;;;;;;;;;;;;;;;;;;;;;;;;;;;;;;;;;
Ireland;IRL;Prevalence of undernourishment (% of population);SN.ITK.DEFC.ZS;;;;;;;;;;;;;;;;;;;;;;;;;;;;;;;;;;;;;;;;;2.5;2.5;2.5;2.5;2.5;2.5;2.5;2.5;2.5;2.5;2.5;2.5;2.5;2.5;2.5;2.5;2.5;2.5;;
Iran;IRN;Prevalence of undernourishment (% of population);SN.ITK.DEFC.ZS;;;;;;;;;;;;;;;;;;;;;;;;;;;;;;;;;;;;;;;;;;4.9;5.4;5.7;5.8;5.9;6.1;6.4;6.5;6.4;6.1;5.8;5.7;5.6;5.4;5.2;5.1;5;4.9;
Iraq;IRQ;Prevalence of undernourishment (% of population);SN.ITK.DEFC.ZS;;;;;;;;;;;;;;;;;;;;;;;;;;;;;;;;;;;;;;;;;28.3;26.9;26.6;27.1;27.4;28.2;29.3;30;29.7;28.5;27.3;26.6;26.4;26.7;27.3;28.2;28.8;29;;
Iceland;ISL;Prevalence of undernourishment (% of population);SN.ITK.DEFC.ZS;;;;;;;;;;;;;;;;;;;;;;;;;;;;;;;;;;;;;;;;;2.5;2.5;2.5;2.5;2.5;2.5;2.5;2.5;2.5;2.5;2.5;2.5;2.5;2.5;2.5;2.5;2.5;2.5;;
Israel;ISR;Prevalence of undernourishment (% of population);SN.ITK.DEFC.ZS;;;;;;;;;;;;;;;;;;;;;;;;;;;;;;;;;;;;;;;;;2.5;2.5;2.5;2.5;2.5;2.5;2.5;2.5;2.5;2.5;2.5;2.5;2.5;2.5;2.5;2.5;2.5;2.5;;
Italy;ITA;Prevalence of undernourishment (% of population);SN.ITK.DEFC.ZS;;;;;;;;;;;;;;;;;;;;;;;;;;;;;;;;;;;;;;;;;2.5;2.5;2.5;2.5;2.5;2.5;2.5;2.5;2.5;2.5;2.5;2.5;2.5;2.5;2.5;2.5;2.5;2.5;;
Jamaica;JAM;Prevalence of undernourishment (% of population);SN.ITK.DEFC.ZS;;;;;;;;;;;;;;;;;;;;;;;;;;;;;;;;;;;;;;;;;7.4;6.8;6.6;6.6;6.8;7;7.3;7.7;8.2;8.6;8.8;9;9.2;9.3;9.2;8.8;8.4;8;;
Jordan;JOR;Prevalence of undernourishment (% of population);SN.ITK.DEFC.ZS;;;;;;;;;;;;;;;;;;;;;;;;;;;;;;;;;;;;;;;;;12.6;10.9;9;7.6;6.8;6.6;6.8;7.1;7.6;7.9;8.2;8.6;9.5;10.4;11.2;11.6;11.8;12.2;;
Japan;JPN;Prevalence of undernourishment (% of population);SN.ITK.DEFC.ZS;;;;;;;;;;;;;;;;;;;;;;;;;;;;;;;;;;;;;;;;;2.5;2.5;2.5;2.5;2.5;2.5;2.5;2.5;2.5;2.5;2.5;2.5;2.5;2.5;2.5;2.5;2.5;2.5;;
Kazakhstan;KAZ;Prevalence of undernourishment (% of population);SN.ITK.DEFC.ZS;;;;;;;;;;;;;;;;;;;;;;;;;;;;;;;;;;;;;;;;;5.8;5.6;5.7;5.9;6.1;5.9;5.2;4.3;3.8;3.4;3.1;2.7;2.5;2.5;2.5;2.5;2.5;2.5;;
Kenya;KEN;Prevalence of undernourishment (% of population);SN.ITK.DEFC.ZS;;;;;;;;;;;;;;;;;;;;;;;;;;;;;;;;;;;;;;;;;31.3;31.8;33.2;33;31.3;28.2;26.4;25.6;25.4;24.5;23.5;22.7;22.4;22.3;22.8;25;27.4;29.4;;
Kyrgyz Republic;KGZ;Prevalence of undernourishment (% of population);SN.ITK.DEFC.ZS;;;;;;;;;;;;;;;;;;;;;;;;;;;;;;;;;;;;;;;;;16.3;15.8;14.4;12;10.3;9.7;10.1;10.2;9.8;9;8.3;7.8;7.3;6.9;6.6;6.6;6.8;7.1;;
Cambodia;KHM;Prevalence of undernourishment (% of population);SN.ITK.DEFC.ZS;;;;;;;;;;;;;;;;;;;;;;;;;;;;;;;;;;;;;;;;;29.3;26;23.3;21.8;20.8;20;19.2;18.8;18.7;18.8;18.8;18.7;18.6;18.4;18.3;17.8;17.2;16.4;;
Kiribati;KIR;Prevalence of undernourishment (% of population);SN.ITK.DEFC.ZS;;;;;;;;;;;;;;;;;;;;;;;;;;;;;;;;;;;;;;;;;4.4;4.3;4.5;4.6;4.7;4.6;4.6;4.6;4.4;4.1;3.7;3.3;3.1;3.2;3.2;3.2;3;2.7;;
St. Kitts and Nevis;KNA;Prevalence of undernourishment (% of population);SN.ITK.DEFC.ZS;;;;;;;;;;;;;;;;;;;;;;;;;;;;;;;;;;;;;;;;;;;;;;;;;;;;;;;;;;;;
South Korea;KOR;Prevalence of undernourishment (% of population);SN.ITK.DEFC.ZS;;;;;;;;;;;;;;;;;;;;;;;;;;;;;;;;;;;;;;;;;;2.5;2.5;2.5;2.5;2.5;2.5;2.5;2.5;2.5;2.5;2.5;2.5;2.5;2.5;2.5;2.5;2.5;2.5;
Kuwait;KWT;Prevalence of undernourishment (% of population);SN.ITK.DEFC.ZS;;;;;;;;;;;;;;;;;;;;;;;;;;;;;;;;;;;;;;;;;2.5;2.5;2.5;2.5;2.5;2.5;2.5;2.5;2.5;2.5;2.5;2.5;2.5;2.5;2.5;2.5;2.6;2.8;;
Latin America & Caribbean (excluding high income);LAC;Prevalence of undernourishment (% of population);SN.ITK.DEFC.ZS;;;;;;;;;;;;;;;;;;;;;;;;;;;;;;;;;;;;;;;;;121.425.402.111.365;115.261.936.797.907;109.755.319.620.168;104.466.599.752.901;985.354.476.150.671;911.464.943.127.398;841.058.431.298.243;777.031.404.966.634;736.096.468.155.298;71.376.343.496.669;695.680.808.672.755;678.388.907.205.728;663.561.450.156.047;648.924.726.319.304;643.331.858.222.628;645.933.884.414.956;654.587.898.225.461;663.584.826.427.816;;
Lao PDR;LAO;Prevalence of undernourishment (% of population);SN.ITK.DEFC.ZS;;;;;;;;;;;;;;;;;;;;;;;;;;;;;;;;;;;;;;;;;37.7;36;33.9;31.4;29.1;27;25.9;24.7;23.9;22.3;21.1;19.6;18.7;17.8;17.3;16.8;16.7;16.5;;
Lebanon;LBN;Prevalence of undernourishment (% of population);SN.ITK.DEFC.ZS;;;;;;;;;;;;;;;;;;;;;;;;;;;;;;;;;;;;;;;;;2.5;2.5;2.5;2.9;3.3;3.4;3.4;3.4;3.5;3.8;4.5;5.9;7.6;9.4;10.5;11.1;11.2;11;;
Liberia;LBR;Prevalence of undernourishment (% of population);SN.ITK.DEFC.ZS;;;;;;;;;;;;;;;;;;;;;;;;;;;;;;;;;;;;;;;;;38.4;39.8;40.6;40.7;40;39.4;39;38.2;37.3;36.5;36.5;36.7;37.6;38.5;39.2;38.8;38.1;37.2;;
Libya;LBY;Prevalence of undernourishment (% of population);SN.ITK.DEFC.ZS;;;;;;;;;;;;;;;;;;;;;;;;;;;;;;;;;;;;;;;;;;;;;;;;;;;;;;;;;;;;
St. Lucia;LCA;Prevalence of undernourishment (% of population);SN.ITK.DEFC.ZS;;;;;;;;;;;;;;;;;;;;;;;;;;;;;;;;;;;;;;;;;;;;;;;;;;;;;;;;;;;;
Latin America & Caribbean;LCN;Prevalence of undernourishment (% of population);SN.ITK.DEFC.ZS;;;;;;;;;;;;;;;;;;;;;;;;;;;;;;;;;;;;;;;;;119.566.130.200.206;113.505.688.475.001;108.066.187.931.536;102.987.598.116.064;97.345.406.859.233;902.057.152.982.802;833.107.565.187.466;770.183.393.469.118;730.104.424.614.714;707.869.329.790.326;689.472.933.875.799;671.301.694.663.152;655.514.493.217.893;640.649.513.643.097;634.514.908.203.953;636.180.418.008.116;643.602.730.756.393;651.605.243.953.628;;
Least developed countries: UN classification;LDC;Prevalence of undernourishment (% of population);SN.ITK.DEFC.ZS;;;;;;;;;;;;;;;;;;;;;;;;;;;;;;;;;;;;;;;;;347.935.935.424.644;333.790.512.271.143;322.547.671.252.198;309.912.155.045.693;297.868.247.596.332;285.531.873.592.572;275.113.491.137.828;265.647.517.200.568;2.569.268.329.509;248.794.987.970.399;242.472.682.780.051;236.951.143.371.557;232.840.471.961.425;229.085.907.646.186;226.448.787.488.708;226.257.313.140.025;227.223.246.905.053;22.817.582.795.694;;
Low income;LIC;Prevalence of undernourishment (% of population);SN.ITK.DEFC.ZS;;;;;;;;;;;;;;;;;;;;;;;;;;;;;;;;;;;;;;;;;384.770.888.182.726;37.485.154.802.178;364.051.172.908.579;351.522.562.963.727;339.327.389.781.474;328.105.816.770.022;319.567.359.043.222;31.119.681.116.842;301.908.061.360.639;292.132.419.188.524;283.745.847.525.459;278.120.504.128.443;271.236.574.056.554;269.600.472.109.946;2.698.069.244.501;273.166.221.812.252;278.149.995.565.921;282.205.742.856.975;;
Liechtenstein;LIE;Prevalence of undernourishment (% of population);SN.ITK.DEFC.ZS;;;;;;;;;;;;;;;;;;;;;;;;;;;;;;;;;;;;;;;;;;;;;;;;;;;;;;;;;;;;
Sri Lanka;LKA;Prevalence of undernourishment (% of population);SN.ITK.DEFC.ZS;;;;;;;;;;;;;;;;;;;;;;;;;;;;;;;;;;;;;;;;;18.6;18.5;18.9;18.9;18.6;18.2;17.4;16.5;15.4;14.5;13.8;13;12.1;11.1;10.3;9.7;9.4;9;;
Lower middle income;LMC;Prevalence of undernourishment (% of population);SN.ITK.DEFC.ZS;;;;;;;;;;;;;;;;;;;;;;;;;;;;;;;;;;;;;;;;;19.661.979.188.962;199.518.037.243.528;205.276.005.787.185;207.546.250.302.125;206.202.366.518.583;198.605.109.360.096;187.190.696.855.507;176.542.826.245.954;168.635.766.968.704;164.664.722.837.121;162.227.757.850.678;160.762.076.016.013;158.659.133.533.898;155.727.120.116.749;151.920.582.578.415;147.868.011.048.005;145.870.229.508.086;145.054.548.610.217;;
Low & middle income;LMY;Prevalence of undernourishment (% of population);SN.ITK.DEFC.ZS;;;;;;;;;;;;;;;;;;;;;;;;;;;;;;;;;;;;;;;;;177.494.256.981.151;177.598.594.539.758;178.710.475.086.774;178.092.482.753.173;175.847.838.993.386;170.345.368.920.018;162.728.474.276.506;155.310.941.098.046;148.543.760.997.441;14.295.044.718.719;138.437.810.647.348;134.438.250.127.956;132.011.683.949.971;128.834.981.650.546;125.947.806.429.347;123.837.891.126.891;123.267.797.872.599;12.327.277.254.752;;
Lesotho;LSO;Prevalence of undernourishment (% of population);SN.ITK.DEFC.ZS;;;;;;;;;;;;;;;;;;;;;;;;;;;;;;;;;;;;;;;;;13.6;13;12.6;12.3;11.9;11.7;11.7;12;12.3;12.5;12.7;13.1;13.2;13.1;13.1;13.2;13.4;13.1;;
Late-demographic dividend;LTE;Prevalence of undernourishment (% of population);SN.ITK.DEFC.ZS;;;;;;;;;;;;;;;;;;;;;;;;;;;;;;;;;;;;;;;;;144.631.123.027.398;141.289.657.615.797;137.049.201.908.032;133.077.069.378.166;129.834.413.975.702;1.263.582.332.361;121.606.194.199.454;116.589.062.201.348;110.584.578.995.798;104.377.162.485.618;994.584.324.104.669;93.784.550.859.482;89.330.939.309.286;841.832.059.356.406;796.857.498.240.312;766.007.162.152.008;750.384.311.924.241;743.595.773.779.189;;
Lithuania;LTU;Prevalence of undernourishment (% of population);SN.ITK.DEFC.ZS;;;;;;;;;;;;;;;;;;;;;;;;;;;;;;;;;;;;;;;;;2.5;2.5;2.5;2.5;2.5;2.5;2.5;2.5;2.5;2.5;2.5;2.5;2.5;2.5;2.5;2.5;2.5;2.5;;
Luxembourg;LUX;Prevalence of undernourishment (% of population);SN.ITK.DEFC.ZS;;;;;;;;;;;;;;;;;;;;;;;;;;;;;;;;;;;;;;;;;2.5;2.5;2.5;2.5;2.5;2.5;2.5;2.5;2.5;2.5;2.5;2.5;2.5;2.5;2.5;2.5;2.5;2.5;;
Latvia;LVA;Prevalence of undernourishment (% of population);SN.ITK.DEFC.ZS;;;;;;;;;;;;;;;;;;;;;;;;;;;;;;;;;;;;;;;;;5.3;4.5;3.6;2.9;2.5;2.5;2.5;2.5;2.5;2.5;2.5;2.5;2.5;2.5;2.5;2.5;2.5;2.5;;
Macao SAR;MAC;Prevalence of undernourishment (% of population);SN.ITK.DEFC.ZS;;;;;;;;;;;;;;;;;;;;;;;;;;;;;;;;;;;;;;;;;;22.6;21.9;20.2;18.1;16;14.6;14;13.8;14;14;13.7;13.2;12.6;12.2;11.9;11.6;11.4;11.2;
St. Martin (French part);MAF;Prevalence of undernourishment (% of population);SN.ITK.DEFC.ZS;;;;;;;;;;;;;;;;;;;;;;;;;;;;;;;;;;;;;;;;;;;;;;;;;;;;;;;;;;;;
Morocco;MAR;Prevalence of undernourishment (% of population);SN.ITK.DEFC.ZS;;;;;;;;;;;;;;;;;;;;;;;;;;;;;;;;;;;;;;;;;6.8;6.7;6.4;6;5.7;5.7;5.6;5.5;5.5;5.4;5.2;4.9;4.6;4.2;3.8;3.5;3.4;3.4;;
Monaco;MCO;Prevalence of undernourishment (% of population);SN.ITK.DEFC.ZS;;;;;;;;;;;;;;;;;;;;;;;;;;;;;;;;;;;;;;;;;;;;;;;;;;;;;;;;;;;;
Moldova;MDA;Prevalence of undernourishment (% of population);SN.ITK.DEFC.ZS;;;;;;;;;;;;;;;;;;;;;;;;;;;;;;;;;;;;;;;;;;;;;;;;;;;;;;;;;;;;
Madagascar;MDG;Prevalence of undernourishment (% of population);SN.ITK.DEFC.ZS;;;;;;;;;;;;;;;;;;;;;;;;;;;;;;;;;;;;;;;;;34.4;35.5;37;37.5;36.9;35;33.5;32.4;32.2;31.9;31.8;32.1;33.4;35.7;38.4;41.1;43;44.4;;
Maldives;MDV;Prevalence of undernourishment (% of population);SN.ITK.DEFC.ZS;;;;;;;;;;;;;;;;;;;;;;;;;;;;;;;;;;;;;;;;;14;14.6;15.5;16.6;17.6;18.2;18.1;17;15.2;13.2;11.7;11;11;11.1;11.1;10.8;10.5;10.3;;
Middle East & North Africa;MEA;Prevalence of undernourishment (% of population);SN.ITK.DEFC.ZS;;;;;;;;;;;;;;;;;;;;;;;;;;;;;;;;;;;;;;;;;944.043.385.931.169;938.619.987.448.277;944.807.987.271.349;95.263.635.730.542;958.813.568.125.886;961.726.255.773.578;956.963.346.848.726;944.913.595.168.592;928.000.795.163.343;896.454.383.614.092;865.140.986.079.252;843.636.779.104.514;83.386.487.333.454;84.289.465.317.306;864.039.252.379.811;892.781.603.782.441;923.659.719.376.173;946.474.721.365.478;;
Mexico;MEX;Prevalence of undernourishment (% of population);SN.ITK.DEFC.ZS;;;;;;;;;;;;;;;;;;;;;;;;;;;;;;;;;;;;;;;;;4.4;4.4;4.8;5.5;5.8;5.5;5;4.7;4.7;4.7;4.6;4.6;4.5;4.3;4.1;3.9;3.7;3.6;;
Marshall Islands;MHL;Prevalence of undernourishment (% of population);SN.ITK.DEFC.ZS;;;;;;;;;;;;;;;;;;;;;;;;;;;;;;;;;;;;;;;;;;;;;;;;;;;;;;;;;;;;
Middle income;MIC;Prevalence of undernourishment (% of population);SN.ITK.DEFC.ZS;;;;;;;;;;;;;;;;;;;;;;;;;;;;;;;;;;;;;;;;;164.781.530.383.248;165.315.783.845.012;166.987.029.361.061;166.946.660.184.102;165.174.501.008.523;159.885.330.711.244;152.188.692.908.054;144.678.502.050.224;137.928.459.590.354;132.470.922.935.174;128.075.356.579.917;124.033.631.313.225;120.823.108.326.266;117.348.234.961.322;114.027.100.136.571;111.272.719.282.073;110.034.679.957.698;109.484.726.004.587;;
North Macedonia;MKD;Prevalence of undernourishment (% of population);SN.ITK.DEFC.ZS;;;;;;;;;;;;;;;;;;;;;;;;;;;;;;;;;;;;;;;;;7.9;8.8;8.4;7.7;6.7;6.1;5.3;4.5;4.1;4.1;4.4;4.6;4.6;4.4;4.1;3.8;3.5;3.2;;
Mali;MLI;Prevalence of undernourishment (% of population);SN.ITK.DEFC.ZS;;;;;;;;;;;;;;;;;;;;;;;;;;;;;;;;;;;;;;;;;14.6;14;13.5;12.9;12.2;11.1;9.8;8.6;7.7;7.2;6.9;6.7;6.4;5.9;5.6;5.7;6;6.3;;
Malta;MLT;Prevalence of undernourishment (% of population);SN.ITK.DEFC.ZS;;;;;;;;;;;;;;;;;;;;;;;;;;;;;;;;;;;;;;;;;2.5;2.5;2.5;2.5;2.5;2.5;2.5;2.5;2.5;2.5;2.5;2.5;2.5;2.5;2.5;2.5;2.5;2.5;;
Myanmar;MMR;Prevalence of undernourishment (% of population);SN.ITK.DEFC.ZS;;;;;;;;;;;;;;;;;;;;;;;;;;;;;;;;;;;;;;;;;48.3;44.9;41.3;38.2;35.3;32;28.5;24.9;21.6;19;16.9;15.3;14;12.9;11.8;11;10.6;10.6;;
Middle East & North Africa (excluding high income);MNA;Prevalence of undernourishment (% of population);SN.ITK.DEFC.ZS;;;;;;;;;;;;;;;;;;;;;;;;;;;;;;;;;;;;;;;;;100.129.239.175.077;99.372.227.453.582;99.623.285.672.828;100.065.986.234.465;100.558.542.671.109;100.945.911.442.236;100.673.882.956.029;994.165.637.054.185;976.304.023.168.957;942.874.049.587.411;913.556.387.149.768;895.819.555.167.457;893.353.932.054.818;908.821.823.382.537;936.646.345.554.931;968.869.504.460.075;999.608.249.454.248;101.730.697.965.876;;
Montenegro;MNE;Prevalence of undernourishment (% of population);SN.ITK.DEFC.ZS;;;;;;;;;;;;;;;;;;;;;;;;;;;;;;;;;;;;;;;;;;;;;;;2.5;2.5;2.5;2.5;2.5;2.5;2.5;2.5;2.5;2.5;2.5;2.5;;
Mongolia;MNG;Prevalence of undernourishment (% of population);SN.ITK.DEFC.ZS;;;;;;;;;;;;;;;;;;;;;;;;;;;;;;;;;;;;;;;;;35.1;33.4;32.7;32.5;32.2;31;29.1;26.6;24.2;22.2;20.8;19.5;18.4;16.7;15;13.4;13.1;13.4;;
Northern Mariana Islands;MNP;Prevalence of undernourishment (% of population);SN.ITK.DEFC.ZS;;;;;;;;;;;;;;;;;;;;;;;;;;;;;;;;;;;;;;;;;;;;;;;;;;;;;;;;;;;;
Mozambique;MOZ;Prevalence of undernourishment (% of population);SN.ITK.DEFC.ZS;;;;;;;;;;;;;;;;;;;;;;;;;;;;;;;;;;;;;;;;;41.1;40.4;39.2;38.2;37.5;37;35.8;34.5;32.5;30.7;28.5;27.2;26.5;26.6;26.8;27.2;27.5;27.9;;
Mauritania;MRT;Prevalence of undernourishment (% of population);SN.ITK.DEFC.ZS;;;;;;;;;;;;;;;;;;;;;;;;;;;;;;;;;;;;;;;;;11.6;11.4;11.4;11.5;12.1;12.1;11.5;10.2;9.3;8.7;8.2;7.8;7.2;7.1;7.4;8.6;9.6;10.4;;
Mauritius;MUS;Prevalence of undernourishment (% of population);SN.ITK.DEFC.ZS;;;;;;;;;;;;;;;;;;;;;;;;;;;;;;;;;;;;;;;;;6.6;6.3;6;5.7;5.5;5.2;5.2;5;4.9;4.7;4.8;5.1;5.5;5.6;5.6;5.8;6.1;6.5;;
Malawi;MWI;Prevalence of undernourishment (% of population);SN.ITK.DEFC.ZS;;;;;;;;;;;;;;;;;;;;;;;;;;;;;;;;;;;;;;;;;27.1;26.4;27;27.4;27.3;26.1;24.5;23.2;22.3;22;21.8;21.3;20.3;19;18.1;17.7;17.7;17.5;;
Malaysia;MYS;Prevalence of undernourishment (% of population);SN.ITK.DEFC.ZS;;;;;;;;;;;;;;;;;;;;;;;;;;;;;;;;;;;;;;;;;2.8;3.2;3.5;3.7;3.8;3.9;4.1;4.2;4.2;4;3.7;3.5;3.4;3.2;3;2.8;2.6;2.5;;
North America;NAC;Prevalence of undernourishment (% of population);SN.ITK.DEFC.ZS;;;;;;;;;;;;;;;;;;;;;;;;;;;;;;;;;;;;;;;;;2.5;2.5;2.5;2.5;2.5;2.5;2.5;2.5;2.5;2.5;2.5;2.5;2.5;2.5;2.5;2.5;2.5;2.5;;
Namibia;NAM;Prevalence of undernourishment (% of population);SN.ITK.DEFC.ZS;;;;;;;;;;;;;;;;;;;;;;;;;;;;;;;;;;;;;;;;;26.2;24.4;24.3;24.3;24.5;25.1;26.7;29.5;33.3;36.4;37.4;36.1;33.9;32;30.9;29.7;28.5;27.3;;
New Caledonia;NCL;Prevalence of undernourishment (% of population);SN.ITK.DEFC.ZS;;;;;;;;;;;;;;;;;;;;;;;;;;;;;;;;;;;;;;;;;7.6;7.5;7.6;7.8;8;8.2;8.2;8.2;8.1;8;7.7;7.5;7.3;7.2;7.2;7.2;7.2;7.1;;
Niger;NER;Prevalence of undernourishment (% of population);SN.ITK.DEFC.ZS;;;;;;;;;;;;;;;;;;;;;;;;;;;;;;;;;;;;;;;;;21.6;19.7;18.5;17.1;15.9;15.1;14.4;13.5;12.4;11.7;11.3;10.9;10.6;10.4;10.3;11.6;14.1;16.5;;
Nigeria;NGA;Prevalence of undernourishment (% of population);SN.ITK.DEFC.ZS;;;;;;;;;;;;;;;;;;;;;;;;;;;;;;;;;;;;;;;;;9.3;9;9;8.3;7.4;6.5;6.1;6;6;6.1;6.2;6.5;7;7.8;8.6;9.6;11.5;13.4;;
Nicaragua;NIC;Prevalence of undernourishment (% of population);SN.ITK.DEFC.ZS;;;;;;;;;;;;;;;;;;;;;;;;;;;;;;;;;;;;;;;;;32.6;29.3;27.4;26.2;25.4;24.4;23.4;22.6;22.1;21.6;20.9;20;19;17.9;17.2;16.9;16.9;17;;
Netherlands;NLD;Prevalence of undernourishment (% of population);SN.ITK.DEFC.ZS;;;;;;;;;;;;;;;;;;;;;;;;;;;;;;;;;;;;;;;;;2.5;2.5;2.5;2.5;2.5;2.5;2.5;2.5;2.5;2.5;2.5;2.5;2.5;2.5;2.5;2.5;2.5;2.5;;
Norway;NOR;Prevalence of undernourishment (% of population);SN.ITK.DEFC.ZS;;;;;;;;;;;;;;;;;;;;;;;;;;;;;;;;;;;;;;;;;2.5;2.5;2.5;2.5;2.5;2.5;2.5;2.5;2.5;2.5;2.5;2.5;2.5;2.5;2.5;2.5;2.5;2.5;;
Nepal;NPL;Prevalence of undernourishment (% of population);SN.ITK.DEFC.ZS;;;;;;;;;;;;;;;;;;;;;;;;;;;;;;;;;;;;;;;;;22;21.4;20.4;18.7;17.2;16;15.2;14;12.6;11.2;10.1;9.4;9;9;9.2;9.2;9;8.7;;
Nauru;NRU;Prevalence of undernourishment (% of population);SN.ITK.DEFC.ZS;;;;;;;;;;;;;;;;;;;;;;;;;;;;;;;;;;;;;;;;;;;;;;;;;;;;;;;;;;;;
New Zealand;NZL;Prevalence of undernourishment (% of population);SN.ITK.DEFC.ZS;;;;;;;;;;;;;;;;;;;;;;;;;;;;;;;;;;;;;;;;;2.5;2.5;2.5;2.5;2.5;2.5;2.5;2.5;2.5;2.5;2.5;2.5;2.5;2.5;2.5;2.5;2.5;2.5;;
OECD members;OED;Prevalence of undernourishment (% of population);SN.ITK.DEFC.ZS;;;;;;;;;;;;;;;;;;;;;;;;;;;;;;;;;;;;;;;;;294.806.727.424.661;29.380.391.959.001;296.272.477.052.852;302.190.826.717.641;305.051.181.789.003;303.958.775.362.798;299.396.584.513.387;296.019.679.673.174;296.951.540.132.739;300.204.642.370.696;301.832.235.171.211;300.748.439.593.479;296.569.423.295.167;290.173.063.565.757;284.299.648.288.305;278.650.604.338.098;2.732.758.901.459;269.246.853.532.487;;
Oman;OMN;Prevalence of undernourishment (% of population);SN.ITK.DEFC.ZS;;;;;;;;;;;;;;;;;;;;;;;;;;;;;;;;;;;;;;;;;11.9;11.5;11.7;11.7;11.3;10.5;9.5;8.3;7.1;6.1;5.6;5.3;5.1;5.1;5.2;5.6;6.1;6.8;;
Other small states;OSS;Prevalence of undernourishment (% of population);SN.ITK.DEFC.ZS;;;;;;;;;;;;;;;;;;;;;;;;;;;;;;;;;;;;;;;;;185.791.631.804.221;177.176.208.135.507;173.678.713.012.242;170.896.285.788.547;168.643.016.071.084;167.558.504.863.684;164.073.856.907.853;165.532.441.055.095;167.390.859.277.328;167.494.255.615.367;164.715.328.009.924;160.057.344.451.381;156.232.911.553.608;154.550.442.497.311;154.943.198.687.719;155.576.849.614.572;15.562.437.206.837;154.727.746.348.877;;
Pakistan;PAK;Prevalence of undernourishment (% of population);SN.ITK.DEFC.ZS;;;;;;;;;;;;;;;;;;;;;;;;;;;;;;;;;;;;;;;;;23.4;24.8;25.8;25.5;24.5;23.3;22.4;21.7;21.3;21.1;21.1;21.1;21;21;21;20.8;20.6;20.3;;
Panama;PAN;Prevalence of undernourishment (% of population);SN.ITK.DEFC.ZS;;;;;;;;;;;;;;;;;;;;;;;;;;;;;;;;;;;;;;;;;27.7;26.2;24.3;23.3;23.8;22.9;21;18.3;16.3;14.7;13.2;11.8;10.5;9.8;9.6;9.7;9.9;10;;
Peru;PER;Prevalence of undernourishment (% of population);SN.ITK.DEFC.ZS;;;;;;;;;;;;;;;;;;;;;;;;;;;;;;;;;;;;;;;;;21.8;21.7;22.3;22.6;21.6;19.6;17.6;15.7;14.2;12.6;11.2;10.1;9.4;9.2;9.2;9.5;9.7;9.7;;
Philippines;PHL;Prevalence of undernourishment (% of population);SN.ITK.DEFC.ZS;;;;;;;;;;;;;;;;;;;;;;;;;;;;;;;;;;;;;;;;;20.4;19.7;19.1;18.5;17.4;16.3;15.2;14.1;13.3;13;13.3;13.7;14.1;14.2;14;13.6;13.5;13.3;;
Palau;PLW;Prevalence of undernourishment (% of population);SN.ITK.DEFC.ZS;;;;;;;;;;;;;;;;;;;;;;;;;;;;;;;;;;;;;;;;;;;;;;;;;;;;;;;;;;;;
Papua New Guinea;PNG;Prevalence of undernourishment (% of population);SN.ITK.DEFC.ZS;;;;;;;;;;;;;;;;;;;;;;;;;;;;;;;;;;;;;;;;;;;;;;;;;;;;;;;;;;;;
Poland;POL;Prevalence of undernourishment (% of population);SN.ITK.DEFC.ZS;;;;;;;;;;;;;;;;;;;;;;;;;;;;;;;;;;;;;;;;;2.5;2.5;2.5;2.5;2.5;2.5;2.5;2.5;2.5;2.5;2.5;2.5;2.5;2.5;2.5;2.5;2.5;2.5;;
Pre-demographic dividend;PRE;Prevalence of undernourishment (% of population);SN.ITK.DEFC.ZS;;;;;;;;;;;;;;;;;;;;;;;;;;;;;;;;;;;;;;;;;270.432.508.047.124;267.199.429.056.439;263.770.202.909.325;255.833.377.568.141;245.283.067.950.441;234.695.313.745.901;226.886.374.278.832;221.296.296.835.293;216.569.678.257.884;211.488.794.174.609;206.766.071.664.435;203.278.098.145.964;203.938.660.529.209;204.830.233.349.497;207.106.080.544.928;213.845.301.762.346;223.274.040.419.529;232.088.536.475.723;;
Puerto Rico;PRI;Prevalence of undernourishment (% of population);SN.ITK.DEFC.ZS;;;;;;;;;;;;;;;;;;;;;;;;;;;;;;;;;;;;;;;;;;;;;;;;;;;;;;;;;;;;
North Korea;PRK;Prevalence of undernourishment (% of population);SN.ITK.DEFC.ZS;;;;;;;;;;;;;;;;;;;;;;;;;;;;;;;;;;;;;;;;;;37.5;37.1;35.5;34.5;34.1;35.4;37.3;39.3;40.8;41.5;41.8;41.8;42.1;42.6;43.4;44.3;45.9;47.8;
Portugal;PRT;Prevalence of undernourishment (% of population);SN.ITK.DEFC.ZS;;;;;;;;;;;;;;;;;;;;;;;;;;;;;;;;;;;;;;;;;2.5;2.5;2.5;2.5;2.5;2.5;2.5;2.5;2.5;2.5;2.5;2.5;2.5;2.5;2.5;2.5;2.5;2.5;;
Paraguay;PRY;Prevalence of undernourishment (% of population);SN.ITK.DEFC.ZS;;;;;;;;;;;;;;;;;;;;;;;;;;;;;;;;;;;;;;;;;12.9;12.2;11.5;11;11.2;11.9;12.4;12.6;12.8;12.7;12.2;11.9;12;12.1;11.7;11.2;10.9;10.7;;
West Bank and Gaza;PSE;Prevalence of undernourishment (% of population);SN.ITK.DEFC.ZS;;;;;;;;;;;;;;;;;;;;;;;;;;;;;;;;;;;;;;;;;;;;;;;;;;;;;;;;;;;;
Pacific island small states;PSS;Prevalence of undernourishment (% of population);SN.ITK.DEFC.ZS;;;;;;;;;;;;;;;;;;;;;;;;;;;;;;;;;;;;;;;;;773.345.763.207.891;749.035.578.965.948;722.320.840.169.968;697.415.416.018.899;675.429.897.434.578;656.772.738.451.403;636.252.075.992.876;632.165.627.171.319;619.846.107.330.355;62.343.734.926.781;620.630.490.086.085;636.184.645.998.082;662.352.257.526.359;678.405.690.234.592;672.502.213.932.221;631.293.521.573.102;590.268.545.776.216;5.595.726.996.747;;
Post-demographic dividend;PST;Prevalence of undernourishment (% of population);SN.ITK.DEFC.ZS;;;;;;;;;;;;;;;;;;;;;;;;;;;;;;;;;;;;;;;;;267.936.694.603.865;261.745.263.541.341;257.440.355.170.221;255.951.105.775.723;255.353.699.196.567;25.447.301.770.035;253.525.195.763.146;253.301.346.214.442;252.997.159.484.639;252.871.756.198.496;252.772.714.563.858;252.708.155.565.307;25.255.431.154.665;252.244.417.987.434;25.194.369.685.404;253.654.876.732.608;254.661.958.673.542;25.531.168.154.671;;
French Polynesia;PYF;Prevalence of undernourishment (% of population);SN.ITK.DEFC.ZS;;;;;;;;;;;;;;;;;;;;;;;;;;;;;;;;;;;;;;;;;4.6;4.3;4;3.9;3.9;3.9;4;4;4.1;4.1;4.2;4.2;4.1;4.1;4.1;4.2;4.2;4.2;;
Qatar;QAT;Prevalence of undernourishment (% of population);SN.ITK.DEFC.ZS;;;;;;;;;;;;;;;;;;;;;;;;;;;;;;;;;;;;;;;;;;;;;;;;;;;;;;;;;;;;
Romania;ROU;Prevalence of undernourishment (% of population);SN.ITK.DEFC.ZS;;;;;;;;;;;;;;;;;;;;;;;;;;;;;;;;;;;;;;;;;2.5;2.5;2.5;2.5;2.5;2.5;2.5;2.5;2.5;2.5;2.5;2.5;2.5;2.5;2.5;2.5;2.5;2.5;;
Russian Federation;RUS;Prevalence of undernourishment (% of population);SN.ITK.DEFC.ZS;;;;;;;;;;;;;;;;;;;;;;;;;;;;;;;;;;;;;;;;;5.1;4.4;3.7;3.1;2.6;2.5;2.5;2.5;2.5;2.5;2.5;2.5;2.5;2.5;2.5;2.5;2.5;2.5;;
Rwanda;RWA;Prevalence of undernourishment (% of population);SN.ITK.DEFC.ZS;;;;;;;;;;;;;;;;;;;;;;;;;;;;;;;;;;;;;;;;;55.5;49.7;45.7;44.9;44.9;44.5;43.2;41.1;38.6;35.9;34;32.9;32.5;32.9;33.9;35.1;36;36.8;;
South Asia;SAS;Prevalence of undernourishment (% of population);SN.ITK.DEFC.ZS;;;;;;;;;;;;;;;;;;;;;;;;;;;;;;;;;;;;;;;;;19.458.075.417.719;203.256.400.643.692;215.571.686.295.365;2.229.235.800.442;22.524.723.401.975;2.183.171.061.961;205.042.980.326.496;192.163.902.339.263;182.758.036.885.192;179.125.131.918.645;177.531.270.666.704;177.400.656.088.888;17.587.373.093.534;172.901.778.425.379;168.433.084.256.003;162.120.039.247.661;157.162.483.767.331;153.441.571.439.123;;
Saudi Arabia;SAU;Prevalence of undernourishment (% of population);SN.ITK.DEFC.ZS;;;;;;;;;;;;;;;;;;;;;;;;;;;;;;;;;;;;;;;;;6.1;6.4;7;7.6;7.9;7.9;7.7;7.7;7.7;7.6;7;6.4;5.7;5.4;5.3;5.6;6.2;7.1;;
Sudan;SDN;Prevalence of undernourishment (% of population);SN.ITK.DEFC.ZS;;;;;;;;;;;;;;;;;;;;;;;;;;;;;;;;;;;;;;;;;;;;;;;;;;;;;23.5;22.5;21;20.1;19.9;20.1;;
Senegal;SEN;Prevalence of undernourishment (% of population);SN.ITK.DEFC.ZS;;;;;;;;;;;;;;;;;;;;;;;;;;;;;;;;;;;;;;;;;28.7;27.6;26.7;25.2;23.4;21.6;19.2;16.9;14.7;13.6;13.1;13.1;13.3;13.5;13.4;13;12;11.3;;
Singapore;SGP;Prevalence of undernourishment (% of population);SN.ITK.DEFC.ZS;;;;;;;;;;;;;;;;;;;;;;;;;;;;;;;;;;;;;;;;;;;;;;;;;;;;;;;;;;;;
Solomon Islands;SLB;Prevalence of undernourishment (% of population);SN.ITK.DEFC.ZS;;;;;;;;;;;;;;;;;;;;;;;;;;;;;;;;;;;;;;;;;15;14.5;13.6;12.9;12.3;11.9;11.4;11.2;10.9;10.7;10.6;11.1;12.1;12.8;12.7;11.4;10;8.9;;
Sierra Leone;SLE;Prevalence of undernourishment (% of population);SN.ITK.DEFC.ZS;;;;;;;;;;;;;;;;;;;;;;;;;;;;;;;;;;;;;;;;;39.6;40.3;40;39.6;38.8;37;34.6;32.2;30.4;28.7;27;25.2;23.7;22.6;22;23;24.4;25.6;;
El Salvador;SLV;Prevalence of undernourishment (% of population);SN.ITK.DEFC.ZS;;;;;;;;;;;;;;;;;;;;;;;;;;;;;;;;;;;;;;;;;11;9.3;8.9;9.3;10;10.5;10.8;11;11.4;11.9;12.4;12.5;12.2;11.5;10.6;9.8;9.3;9;;
San Marino;SMR;Prevalence of undernourishment (% of population);SN.ITK.DEFC.ZS;;;;;;;;;;;;;;;;;;;;;;;;;;;;;;;;;;;;;;;;;;;;;;;;;;;;;;;;;;;;
Somalia;SOM;Prevalence of undernourishment (% of population);SN.ITK.DEFC.ZS;;;;;;;;;;;;;;;;;;;;;;;;;;;;;;;;;;;;;;;;;;;;;;;;;;;;;;;;;;;;
Serbia;SRB;Prevalence of undernourishment (% of population);SN.ITK.DEFC.ZS;;;;;;;;;;;;;;;;;;;;;;;;;;;;;;;;;;;;;;;;;;;;;;;6;6;6;5.9;5.9;6;6.1;6;6;5.9;5.7;5.7;;
Sub-Saharan Africa (excluding high income);SSA;Prevalence of undernourishment (% of population);SN.ITK.DEFC.ZS;;;;;;;;;;;;;;;;;;;;;;;;;;;;;;;;;;;;;;;;;276.410.050.808.812;269.221.879.788.224;263.920.414.271.219;255.439.634.515.883;2.453.811.945.949;234.826.101.286.947;227.629.043.392.379;222.339.470.993.561;217.414.445.583.546;211.649.328.978.055;20.621.853.529.684;201.766.704.404.712;200.251.211.731.929;198.314.348.699.217;197.586.362.601.893;200.984.531.111.047;207.307.134.510.953;213.706.930.191.179;;
South Sudan;SSD;Prevalence of undernourishment (% of population);SN.ITK.DEFC.ZS;;;;;;;;;;;;;;;;;;;;;;;;;;;;;;;;;;;;;;;;;;;;;;;;;;;;;;;;;;;;
Sub-Saharan Africa;SSF;Prevalence of undernourishment (% of population);SN.ITK.DEFC.ZS;;;;;;;;;;;;;;;;;;;;;;;;;;;;;;;;;;;;;;;;;275.968.811.550.074;268.797.085.434.108;26.350.811.918.498;255.045.697.503.138;245.010.515.466.831;234.477.177.988.615;227.300.986.536.762;222.024.507.502.581;217.113.635.398.223;211.362.226.404.031;205.949.294.902.112;20.151.653.806.587;200.026.430.553.003;198.099.451.166.303;197.377.819.016.149;200.779.183.703.255;207.102.365.460.195;213.504.029.980.237;;
Small states;SST;Prevalence of undernourishment (% of population);SN.ITK.DEFC.ZS;;;;;;;;;;;;;;;;;;;;;;;;;;;;;;;;;;;;;;;;;155.513.731.202.536;148.356.188.747.237;145.586.111.290.944;143.809.908.919.997;142.512.908.350.798;141.753.353.654.945;139.915.300.535.792;141.168.103.130.067;142.901.909.525.393;143.264.426.182.046;141.187.667.561.258;137.629.189.959.444;134.693.011.760.708;133.289.226.805.363;133.280.847.905.211;1.331.588.591.556;132.468.985.480.905;1.312.349.640.563;;
Sao Tome and Principe;STP;Prevalence of undernourishment (% of population);SN.ITK.DEFC.ZS;;;;;;;;;;;;;;;;;;;;;;;;;;;;;;;;;;;;;;;;;17.8;14.5;12.3;10.9;9.9;9.4;9.4;10.1;11.3;12.9;14.6;15.5;14.6;12.1;9;7.1;6.7;7;;
Suriname;SUR;Prevalence of undernourishment (% of population);SN.ITK.DEFC.ZS;;;;;;;;;;;;;;;;;;;;;;;;;;;;;;;;;;;;;;;;;13;12.9;12.4;12.1;11.6;10.9;10.3;9.7;9.1;8.4;8;8.1;8.3;8.2;8.1;8.1;8.3;8.5;;
Slovak Republic;SVK;Prevalence of undernourishment (% of population);SN.ITK.DEFC.ZS;;;;;;;;;;;;;;;;;;;;;;;;;;;;;;;;;;;;;;;;;5.9;6.5;6.7;6.5;6.3;6.2;6.1;5.9;5.4;4.8;4.3;4.1;3.9;3.8;3.7;3.7;3.6;3.4;;
Slovenia;SVN;Prevalence of undernourishment (% of population);SN.ITK.DEFC.ZS;;;;;;;;;;;;;;;;;;;;;;;;;;;;;;;;;;;;;;;;;2.5;2.5;2.5;2.5;2.5;2.5;2.5;2.5;2.5;2.5;2.5;2.5;2.5;2.5;2.5;2.5;2.5;2.5;;
Sweden;SWE;Prevalence of undernourishment (% of population);SN.ITK.DEFC.ZS;;;;;;;;;;;;;;;;;;;;;;;;;;;;;;;;;;;;;;;;;2.5;2.5;2.5;2.5;2.5;2.5;2.5;2.5;2.5;2.5;2.5;2.5;2.5;2.5;2.5;2.5;2.5;2.5;;
Eswatini;SWZ;Prevalence of undernourishment (% of population);SN.ITK.DEFC.ZS;;;;;;;;;;;;;;;;;;;;;;;;;;;;;;;;;;;;;;;;;19.2;17.4;16;15.3;15.5;17;19.1;21.2;22.6;23.3;23.2;22.7;22.7;22.7;23;22.4;21.7;20.6;;
Sint Maarten (Dutch part);SXM;Prevalence of undernourishment (% of population);SN.ITK.DEFC.ZS;;;;;;;;;;;;;;;;;;;;;;;;;;;;;;;;;;;;;;;;;;;;;;;;;;;;;;;;;;;;
Seychelles;SYC;Prevalence of undernourishment (% of population);SN.ITK.DEFC.ZS;;;;;;;;;;;;;;;;;;;;;;;;;;;;;;;;;;;;;;;;;;;;;;;;;;;;;;;;;;;;
Syrian Arab Republic;SYR;Prevalence of undernourishment (% of population);SN.ITK.DEFC.ZS;;;;;;;;;;;;;;;;;;;;;;;;;;;;;;;;;;;;;;;;;;;;;;;;;;;;;;;;;;;;
Turks and Caicos Islands;TCA;Prevalence of undernourishment (% of population);SN.ITK.DEFC.ZS;;;;;;;;;;;;;;;;;;;;;;;;;;;;;;;;;;;;;;;;;;;;;;;;;;;;;;;;;;;;
Chad;TCD;Prevalence of undernourishment (% of population);SN.ITK.DEFC.ZS;;;;;;;;;;;;;;;;;;;;;;;;;;;;;;;;;;;;;;;;;40.1;39.8;39.7;39.1;39.1;39.2;39.8;40.3;40.7;40.8;40;38.9;37.6;36.9;36.5;36.5;36.8;37.5;;
East Asia & Pacific (IDA & IBRD countries);TEA;Prevalence of undernourishment (% of population);SN.ITK.DEFC.ZS;;;;;;;;;;;;;;;;;;;;;;;;;;;;;;;;;;;;;;;;;179.568.890.913.287;177.165.493.911.776;174.058.541.200.595;171.056.559.861.671;168.187.417.381.171;163.882.993.157.766;157.972.979.177.275;151.001.987.711.965;142.268.695.631.085;132.119.064.786.604;123.044.904.048.839;113.698.041.764.502;107.298.168.893.566;10.096.802.130.252;956.659.271.261.458;919.387.719.347.517;899.977.029.491.914;887.113.630.706.614;;
Europe & Central Asia (IDA & IBRD countries);TEC;Prevalence of undernourishment (% of population);SN.ITK.DEFC.ZS;;;;;;;;;;;;;;;;;;;;;;;;;;;;;;;;;;;;;;;;;568.193.339.772.046;538.051.809.275.415;498.148.940.175.844;454.135.564.157.395;41.130.390.113.668;381.441.687.365.781;363.017.798.645.571;348.556.916.475.482;339.487.947.286.178;333.108.401.772.687;327.756.090.033.001;320.476.592.350.992;313.640.902.699.686;308.015.050.639.026;304.476.675.195.466;307.742.561.845.091;310.329.113.671.846;313.327.285.430.936;;
Togo;TGO;Prevalence of undernourishment (% of population);SN.ITK.DEFC.ZS;;;;;;;;;;;;;;;;;;;;;;;;;;;;;;;;;;;;;;;;;31.1;30.5;29.8;28.6;27.2;26;24.9;23.9;22.9;22;21;20.1;19.2;18.3;17.5;17.1;16.6;16.1;;
Thailand;THA;Prevalence of undernourishment (% of population);SN.ITK.DEFC.ZS;;;;;;;;;;;;;;;;;;;;;;;;;;;;;;;;;;;;;;;;;18.8;18.3;17.1;15.8;14.2;12.5;11;10.3;10;9.8;9.2;8.7;8.4;8.2;8;7.9;7.8;7.8;;
Tajikistan;TJK;Prevalence of undernourishment (% of population);SN.ITK.DEFC.ZS;;;;;;;;;;;;;;;;;;;;;;;;;;;;;;;;;;;;;;;;;;;;;;;;;;;;;;;;;;;;
Turkmenistan;TKM;Prevalence of undernourishment (% of population);SN.ITK.DEFC.ZS;;;;;;;;;;;;;;;;;;;;;;;;;;;;;;;;;;;;;;;;;8.2;7.6;6.9;6;5.3;4.8;4.6;4.4;4.5;4.6;4.8;4.9;4.9;4.8;4.7;4.9;5.1;5.4;;
Latin America & the Caribbean (IDA & IBRD countries);TLA;Prevalence of undernourishment (% of population);SN.ITK.DEFC.ZS;;;;;;;;;;;;;;;;;;;;;;;;;;;;;;;;;;;;;;;;;12.142.220.795.312;115.400.268.625.913;109.882.319.310.623;104.673.118.638.664;988.901.206.575.491;91.581.764.311.104;845.256.504.778.835;78.087.811.567.089;739.844.490.127.133;717.040.288.497.254;698.170.267.221.901;67.955.215.296.314;663.386.504.100.449;648.182.136.588.508;641.883.138.593.652;64.352.454.760.958;651.015.107.454.892;659.092.845.303.082;;
Timor-Leste;TLS;Prevalence of undernourishment (% of population);SN.ITK.DEFC.ZS;;;;;;;;;;;;;;;;;;;;;;;;;;;;;;;;;;;;;;;;;40.4;35.6;31.8;30.5;30.6;31.3;31.5;31.5;31;30.5;29.2;27.9;26.7;26.5;26.3;26.1;25.4;24.9;;
Middle East & North Africa (IDA & IBRD countries);TMN;Prevalence of undernourishment (% of population);SN.ITK.DEFC.ZS;;;;;;;;;;;;;;;;;;;;;;;;;;;;;;;;;;;;;;;;;100.129.239.175.077;99.372.227.453.582;99.623.285.672.828;100.065.986.234.465;100.558.542.671.109;100.945.911.442.236;100.673.882.956.029;994.165.637.054.184;976.304.023.168.957;942.874.049.587.411;913.556.387.149.768;895.819.555.167.457;893.353.932.054.818;908.821.823.382.537;936.646.345.554.931;968.869.504.460.075;999.608.249.454.248;101.730.697.965.876;;
Tonga;TON;Prevalence of undernourishment (% of population);SN.ITK.DEFC.ZS;;;;;;;;;;;;;;;;;;;;;;;;;;;;;;;;;;;;;;;;;;;;;;;;;;;;;;;;;;;;
South Asia (IDA & IBRD);TSA;Prevalence of undernourishment (% of population);SN.ITK.DEFC.ZS;;;;;;;;;;;;;;;;;;;;;;;;;;;;;;;;;;;;;;;;;19.458.075.417.719;203.256.400.643.692;215.571.686.295.365;2.229.235.800.442;22.524.723.401.975;2.183.171.061.961;205.042.980.326.496;192.163.902.339.263;182.758.036.885.192;179.125.131.918.645;177.531.270.666.704;177.400.656.088.888;17.587.373.093.534;172.901.778.425.379;168.433.084.256.003;162.120.039.247.661;157.162.483.767.331;153.441.571.439.123;;
Sub-Saharan Africa (IDA & IBRD countries);TSS;Prevalence of undernourishment (% of population);SN.ITK.DEFC.ZS;;;;;;;;;;;;;;;;;;;;;;;;;;;;;;;;;;;;;;;;;275.968.811.550.074;268.797.085.434.108;26.350.811.918.498;255.045.697.503.138;245.010.515.466.831;234.477.177.988.615;227.300.986.536.762;222.024.507.502.581;217.113.635.398.223;211.362.226.404.031;205.949.294.902.112;20.151.653.806.587;200.026.430.553.003;198.099.451.166.303;197.377.819.016.149;200.779.183.703.255;207.102.365.460.195;213.504.029.980.237;;
Trinidad and Tobago;TTO;Prevalence of undernourishment (% of population);SN.ITK.DEFC.ZS;;;;;;;;;;;;;;;;;;;;;;;;;;;;;;;;;;;;;;;;;11.6;11.2;11.3;11.8;12;11.8;11.3;10.7;10.4;10.1;9.6;8.6;7.5;6.8;6.4;6.3;5.8;5.5;;
Tunisia;TUN;Prevalence of undernourishment (% of population);SN.ITK.DEFC.ZS;;;;;;;;;;;;;;;;;;;;;;;;;;;;;;;;;;;;;;;;;4.9;5.2;5.6;5.6;5.6;5.6;5.5;5.4;5.2;5;4.8;4.6;4.5;4.5;4.4;4.4;4.3;4.3;;
Turkey;TUR;Prevalence of undernourishment (% of population);SN.ITK.DEFC.ZS;;;;;;;;;;;;;;;;;;;;;;;;;;;;;;;;;;;;;;;;;2.5;2.5;2.5;2.5;2.5;2.5;2.5;2.5;2.5;2.5;2.5;2.5;2.5;2.5;2.5;2.5;2.5;2.5;;
Tuvalu;TUV;Prevalence of undernourishment (% of population);SN.ITK.DEFC.ZS;;;;;;;;;;;;;;;;;;;;;;;;;;;;;;;;;;;;;;;;;;;;;;;;;;;;;;;;;;;;
Tanzania;TZA;Prevalence of undernourishment (% of population);SN.ITK.DEFC.ZS;;;;;;;;;;;;;;;;;;;;;;;;;;;;;;;;;;;;;;;;;36.5;36.9;36.8;36.8;35.7;34.4;33.4;33.2;34.1;34.5;34.6;33.6;32.9;32.4;31.9;31.5;30.9;30.7;;
Uganda;UGA;Prevalence of undernourishment (% of population);SN.ITK.DEFC.ZS;;;;;;;;;;;;;;;;;;;;;;;;;;;;;;;;;;;;;;;;;27.7;27.4;26.4;24.9;23.7;24.1;25.8;28.1;29.6;30.4;30.9;31.6;32.3;33.4;35.1;37.5;39.7;41;;
Ukraine;UKR;Prevalence of undernourishment (% of population);SN.ITK.DEFC.ZS;;;;;;;;;;;;;;;;;;;;;;;;;;;;;;;;;;;;;;;;;4.5;3.6;2.8;2.5;2.5;2.5;2.5;2.5;2.5;2.5;2.5;2.5;2.5;2.5;2.5;3;3.3;3.5;;
Upper middle income;UMC;Prevalence of undernourishment (% of population);SN.ITK.DEFC.ZS;;;;;;;;;;;;;;;;;;;;;;;;;;;;;;;;;;;;;;;;;136.809.682.790.535;135.003.517.207.772;132.752.872.062.571;130.325.733.733.406;127.841.964.033.921;124.347.392.626.979;119.884.454.840.497;115.012.843.454.824;109.096.297.244.731;101.994.750.786.218;954.799.916.352.215;887.077.298.357.134;841.706.290.480.485;799.108.052.319.102;768.116.338.157.347;750.848.175.752.258;743.573.044.420.116;738.321.855.889.076;;
Uruguay;URY;Prevalence of undernourishment (% of population);SN.ITK.DEFC.ZS;;;;;;;;;;;;;;;;;;;;;;;;;;;;;;;;;;;;;;;;;4.2;4.1;4.1;4.2;4.3;4.3;4;3.5;3;2.7;2.5;2.5;2.5;2.5;2.5;2.5;2.5;2.5;;
United States;USA;Prevalence of undernourishment (% of population);SN.ITK.DEFC.ZS;;;;;;;;;;;;;;;;;;;;;;;;;;;;;;;;;;;;;;;;;2.5;2.5;2.5;2.5;2.5;2.5;2.5;2.5;2.5;2.5;2.5;2.5;2.5;2.5;2.5;2.5;2.5;2.5;;
Uzbekistan;UZB;Prevalence of undernourishment (% of population);SN.ITK.DEFC.ZS;;;;;;;;;;;;;;;;;;;;;;;;;;;;;;;;;;;;;;;;;16.2;18.8;19.8;18.9;16.9;14.5;12.4;11.1;10.3;9.7;9;8.1;7.4;6.9;6.6;6.4;6.3;6.3;;
St. Vincent and the Grenadines;VCT;Prevalence of undernourishment (% of population);SN.ITK.DEFC.ZS;;;;;;;;;;;;;;;;;;;;;;;;;;;;;;;;;;;;;;;;;16.7;14.8;12.7;11.1;9.8;9.1;8.4;7.8;7.4;7;6.7;6.4;6;5.7;5.5;5.7;5.8;5.7;;
Venezuela;VEN;Prevalence of undernourishment (% of population);SN.ITK.DEFC.ZS;;;;;;;;;;;;;;;;;;;;;;;;;;;;;;;;;;;;;;;;;;16.4;16.3;16.8;15.2;13.1;10.5;8.4;6;4;3.1;3.1;3.7;4.8;6.4;9.5;13.7;18;21.2;
British Virgin Islands;VGB;Prevalence of undernourishment (% of population);SN.ITK.DEFC.ZS;;;;;;;;;;;;;;;;;;;;;;;;;;;;;;;;;;;;;;;;;;;;;;;;;;;;;;;;;;;;
Virgin Islands (U.S.);VIR;Prevalence of undernourishment (% of population);SN.ITK.DEFC.ZS;;;;;;;;;;;;;;;;;;;;;;;;;;;;;;;;;;;;;;;;;;;;;;;;;;;;;;;;;;;;
Vietnam;VNM;Prevalence of undernourishment (% of population);SN.ITK.DEFC.ZS;;;;;;;;;;;;;;;;;;;;;;;;;;;;;;;;;;;;;;;;;24.3;22.5;20.7;19.3;18.5;18.2;17.6;16.7;15.5;14.5;13.6;12.9;12.2;11.4;10.5;9.8;9.4;9.3;;
Vanuatu;VUT;Prevalence of undernourishment (% of population);SN.ITK.DEFC.ZS;;;;;;;;;;;;;;;;;;;;;;;;;;;;;;;;;;;;;;;;;8.2;8.1;8;7.7;7.4;7;6.6;6.1;5.8;5.8;5.9;6.1;6.3;6.5;6.7;6.9;7.1;7.2;;
World;WLD;Prevalence of undernourishment (% of population);SN.ITK.DEFC.ZS;;;;;;;;;;;;;;;;;;;;;;;;;;;;;;;;;;;;;;;;;14.8;14.9;15.1;15.1;14.9;14.5;13.8;13.1;12.6;12.3;11.8;11.6;11.3;11.1;10.8;10.6;10.7;10.8;;
Samoa;WSM;Prevalence of undernourishment (% of population);SN.ITK.DEFC.ZS;;;;;;;;;;;;;;;;;;;;;;;;;;;;;;;;;;;;;;;;;5.3;4.4;4.1;3.8;3.6;3.5;3.5;3.6;3.5;3.5;3.4;3.3;3.1;2.9;2.8;2.7;2.7;2.7;;
Kosovo;XKX;Prevalence of undernourishment (% of population);SN.ITK.DEFC.ZS;;;;;;;;;;;;;;;;;;;;;;;;;;;;;;;;;;;;;;;;;;;;;;;;;;;;;;;;;;;;
Yemen;YEM;Prevalence of undernourishment (% of population);SN.ITK.DEFC.ZS;;;;;;;;;;;;;;;;;;;;;;;;;;;;;;;;;;;;;;;;;;29.9;30.1;30.6;31;30.9;30.1;28.9;27.6;27;26.2;25.7;25.3;26.2;28.2;31.4;34.4;37.5;38.9;
South Africa;ZAF;Prevalence of undernourishment (% of population);SN.ITK.DEFC.ZS;;;;;;;;;;;;;;;;;;;;;;;;;;;;;;;;;;;;;;;;;5;4.7;4.6;4.4;4.3;4.4;4.5;4.6;4.6;4.5;4.4;4.4;4.5;4.8;5.2;5.7;6.1;6.2;;
Zambia;ZMB;Prevalence of undernourishment (% of population);SN.ITK.DEFC.ZS;;;;;;;;;;;;;;;;;;;;;;;;;;;;;;;;;;;;;;;;;47.4;49;50;49.9;50.2;51.1;52.6;53.5;53;51.5;50;48.8;47.7;46.2;45;44.8;45.6;46.7;;
Zimbabwe;ZWE;Prevalence of undernourishment (% of population);SN.ITK.DEFC.ZS;;;;;;;;;;;;;;;;;;;;;;;;;;;;;;;;;;;;;;;;;40.2;40.4;40.8;41.5;41.9;42.2;42.1;42.6;43;42.8;41.9;41.3;42;44.1;46.9;49.5;50.9;51.3;;
